naslov,mesec,leto,jezik,število besed,komentarji,kudos,bookmarks,hits,napisana poglavja,vsa poglavja,avtor
A Present,1,2014,English,1230,102,10234,694,87917,1,1,Faith Wood (faithwood)
The Ordeal of Being Known,3,2021,English,146637,2341,24414,8988,795709,14,14,louisfake
Wear Me Like A Locket Around Your Throat,10,2019,English,220150,3616,24463,7107,785263,29,ni podatka,VivyPotter
The Lily Spell,8,2021,English,86512,1011,14447,3317,371454,16,16,pickledghost
If we could turn back time,3,2022,English,54298,710,12685,2915,258528,7,7,MBlack93
Her Beauty and the Moonlight,5,2017,English,37484,1687,14688,3317,366019,11,11,BrilliantLady
Sexplanations (Of the Horrible Sort),9,2018,English,7048,409,10312,1580,112083,1,1,bixgirl1
Another Chance,8,2024,English,244198,2784,10742,4531,587437,50,50,clover_and_ink
Constellations on your skin,12,2022,English,56439,303,9061,2349,131876,5,5,shushu_yaoi_lj
Cascade,1,2022,English,18738,343,8463,1939,86120,1,1,Avonne
Harry Potter and the Truth of the Traitor,3,2018,English,106256,988,9958,727,209665,12,12,orphan_account
Lily's Boy,1,2022,English,746386,12759,77780,22788,4529719,109,109,SomewheresSword
Harry Potter and the Greatest Show,7,2022,English,177701,7724,43519,13587,1299301,25,ni podatka,shadowscribe
To Woo a Witch,1,2024,English,43368,735,10824,2999,237213,8,8,MyDelphi
Harry Potter and the Problem of Potions,6,2017,English,184441,7586,20483,5752,745840,162,162,Wyste
The Best Mistake,3,2024,English,127444,1608,10720,3614,451054,26,26,Chels_Writes_a_Fic
We Were Infinite,1,2024,English,347740,3453,8690,2100,358328,108,ni podatka,TazManic
Harry Potter and the Avatar's Return,5,2016,English,9147,527,8795,1987,82611,1,1,pristineungift
The Art of Seating Etiquette,9,2020,English,9734,241,8977,2312,147742,1,1,inadaze22
that’s the art of getting by,7,2021,English,40459,5198,46536,14925,948616,17,17,sarewolf
Let's Try Again,11,2019,English,618096,2685,23623,8010,1644438,29,29,DayDreamer315
The Train to Nowhere,8,2023,English,541509,8630,17120,5127,857929,84,ni podatka,MayMarlow
papa says harry potter helps people,4,2018,English,10055,203,9337,1489,69449,1,1,jilliancares
Double-Aspect Paradox,6,2025,English,106937,6143,11144,2976,246669,17,ni podatka,TimaeusKosmou
Sectumsempra,11,2021,English,135902,1694,14916,1157,327709,25,25,JessalynMichele
Said the Tortoise to the Hare,4,2012,English,12418,156,14964,2697,152254,1,1,Lomonaaeren
"Wait, What?",1,2014,English,2777,411,12886,2141,143095,1,1,esama
Unexpected Consequences,4,2015,English,39192,478,12579,2449,224278,7,7,lauren3210
Lightning Scars &amp; Metal Hearts,8,2023,English,417287,5886,18899,5895,930529,96,96,JessalynMichele
Light in August,11,2017,English,21057,352,10608,3290,148081,1,1,newsom
The Willing,6,2024,English,60397,1253,8800,2195,171076,20,20,Lomonaaeren
"This, Too, Is Sacred",4,2019,English,86041,2039,12159,4262,387659,23,23,HeartOfAspen
Harry's Years,5,2018,English,25409,892,10693,2068,215903,12,12,elvirakitties
The Meaning of Dandelions,3,2017,English,72013,2334,10633,891,178186,10,10,Endrina
Snake Shop,4,2021,English,20080,675,12454,3531,104124,5,5,wynnebat
Magnificent,1,2014,English,19477,262,12441,3591,150392,1,1,esama
Business,1,2014,English,12460,752,27576,7180,339903,1,1,esama
Finding Home,12,2023,English,177520,1408,8540,2593,414685,30,ni podatka,dearjayycee
Life skills outside the curriculum,9,2016,English,66238,2536,17053,5419,266532,11,11,Endrina
Eternally Consistent,3,2016,English,44536,920,12507,3580,299865,12,12,kitsunealyc
Be My Baby,1,2025,English,203601,2337,8667,2304,686513,37,45,OneEqualTemper
Play Dates,4,2017,English,7722,284,12136,1887,143505,1,1,bixgirl1
Burning the Ground,9,2013,English,10256,210,10207,1849,194607,1,1,lq_traintracks (lumosed_quill)
Osculum Annuum,8,2023,English,75768,892,10105,3077,245727,11,11,MyDelphi
The Antlered Lion,8,2025,English,592404,2794,9445,3134,527553,36,ni podatka,StarLight_Massacre
The Speaker and His Wraiths,9,2024,English,189945,4665,8571,2434,331060,69,69,ATiredAndDeadWriter
I Can't Carry This Anymore,7,2025,English,99817,8250,17393,3702,579760,82,85,lemonchase
Bewildered,7,2023,English,147505,1312,13741,4200,564489,39,39,SparrowGrim
Oh God Not Again!,9,2015,English,151873,8245,75025,18909,3123887,50,50,Sarah1281
"Bright Star, Steadfast Thou Art",8,2025,English,109623,4172,9735,3123,461445,39,ni podatka,NinaMaya
Rock-a-bye Sweet Baby James,6,2018,English,28402,148,8748,1733,122937,1,1,Femme (femmequixotic)
The Watergaw,7,2021,English,39811,1342,14115,4329,293879,10,10,ectoheart
In The Forest Of Dean,12,2021,English,961533,4856,8726,2923,768235,87,87,T3Tohru
Malicious Intent,10,2021,English,6682,238,8116,1676,205727,1,1,morriganmercy
Beneath a Big Blue Sky,6,2021,English,68298,1216,9750,3890,240273,10,10,eyra
One of Those Nights,9,2016,English,7679,395,12184,2233,222769,1,1,loveglowsinthedark
Salt on the Western Wind,7,2013,English,60549,599,15850,4571,252181,1,1,Saras_Girl
Immaculate,6,2022,English,33312,470,8154,1654,100385,7,7,Lomonaaeren
all my cards are here,6,2021,English,112252,1568,15925,4428,471661,18,18,haey1
Mind Magic,2,2021,English,302405,2339,9163,2701,408602,28,28,Snickerdoodlepop
The Chamber of Secrets and Half the Adults are Idiots,3,2018,English,42832,1711,10086,1292,257320,33,33,Des98
IN SICKNESS AND IN HEALTH.,6,2016,English,114776,657,8982,2150,221307,15,15,misteeirene
For Now You Love Me,6,2017,English,14068,158,10653,1542,125008,5,5,orphan_account
In His Nature,4,2015,English,20585,181,10696,1894,165650,1,1,Create_Serenity (Sivany)
Antithesis,10,2018,English,417143,2701,9501,3032,447374,81,81,Oceanbreeze7
In Our Blood,6,2018,English,37856,434,14504,3519,193697,1,1,secretsalex
Hmm,8,2019,English,6410,219,9141,1384,74546,1,1,Wolven_Spirits
Diagnosis,9,2018,English,282456,1795,8934,3265,265160,31,31,MaidenMotherCrone (orphan_account)
The Contract,5,2025,English,885075,16555,32144,7284,2610366,149,ni podatka,DebsTheSlytherinSnapeFan
"All Hail the Dark Lord, Or Something Idiotic Like That",2,2024,English,270523,3073,13268,5009,463125,42,42,NinjaPandaScholar
Rewriting Destiny,2,2019,English,318188,1778,11948,4316,596899,76,76,WaitForTheSnitch
"You're Not A Horse, Harry!",2,2023,English,51898,1924,15395,4718,333583,38,ni podatka,Maeglin_Yedi
Intimacy,8,2025,English,309884,3301,9066,1895,503271,68,76,xStrawberry_Jams
Another Chance,5,2022,English,57529,3757,25310,8293,621973,46,ni podatka,ProfessorMicroPenis
Roads Untaken,10,2019,English,3008,125,9255,1502,52473,1,1,wynnebat
Harry Potter and the Secrets Within,9,2024,English,248218,1614,8561,2833,257954,20,ni podatka,WhoWroteThis
Spite and Normalcy,5,2022,English,142763,1248,9623,2857,269291,29,29,venus_ink
to see you shift,7,2012,English,11873,224,8447,638,144499,1,1,1electricpirate
Harry Potter at the Knees of the Marauders',5,2016,English,96899,1048,12436,1065,251943,27,27,BakenandEggs
I Know We Can Make It Better Than It Ever Was,7,2023,English,49195,590,8141,2568,197984,33,ni podatka,DreamingDemon
Aphelion,2,2025,English,100744,6022,19739,5611,450868,12,15,TimaeusKosmou
Embracing His True Self,7,2025,English,364634,1875,22700,5509,1281719,59,ni podatka,DebsTheSlytherinSnapeFan
Turn,7,2013,English,306708,2448,20792,9041,1096296,14,14,Saras_Girl
Beyond the Blood Wards ~ Book 1,5,2025,English,501774,3032,11593,3191,711385,106,106,SnapeIsMySpiritQuill
A Perfect Fit,4,2021,English,17993,231,17264,4067,347593,1,1,nothing_left_sacred
Slammed,4,2012,English,2038,263,30655,3528,268624,1,1,Faith Wood (faithwood)
In the Shadow of Your Heart,10,2017,English,51881,804,11275,3108,187600,3,3,lq_traintracks (lumosed_quill)
a life of smoke and silvered glass,7,2017,English,27794,1219,14274,3567,192708,1,1,dirgewithoutmusic
Hell is Your Son-In-Law from Another Dimension,11,2017,English,3498,170,9208,934,107739,1,1,wynnebat
What Souls Are Made Of,3,2022,English,277747,1165,10509,3241,380846,51,51,Emeralds_and_Lilies
Haunted Jaded Eyes,10,2020,English,271172,1616,9263,2782,398692,67,67,DebsTheSlytherinSnapeFan
Recursion,11,2023,English,132526,2368,15259,5191,358866,24,24,Tessa Crowley (tessacrowley)
such a softer sin,2,2016,English,15784,132,8604,1041,87603,1,1,therewascourfeyrac
Expectant,5,2018,English,62460,764,26960,6271,550243,1,1,loveglowsinthedark
That Old Black Magic,9,2019,English,77777,1449,17783,5835,433906,7,7,bixgirl1
Aevumiter,7,2024,English,95591,909,12049,3125,197352,41,41,MarshmalowMilkshake
"Matchmaker, Matchmaker",9,2013,English,11766,368,18147,3130,170336,1,1,firethesound_HP_archive
The Most Powerful Magic Always,9,2019,English,62022,987,11927,2720,281779,24,24,MinnieTex
Love In Slow Motion,10,2015,English,11481,146,14546,1894,170742,1,1,orphan_account
"Balance, Imperfect",4,2017,English,91000,1479,14705,4449,326076,10,10,bixgirl1
Draco Malfoy and the House of Black,8,2020,English,123794,2774,25537,1573,555122,20,20,starbrigid
A Child Avenged,8,2015,English,3263,234,20054,4123,160919,1,1,pandaswearglasses
where there's a will,10,2017,English,7853,504,14212,4594,104291,1,1,aloneintherain
How to get along with your boss (and accidentally seduce him in the process),7,2018,English,13849,266,9668,1865,108933,7,7,silverynight
Relativity.,8,2020,English,18178,578,16332,3871,128608,1,1,Ideasofmarch
"Hermione Granger, Demonologist",10,2017,English,47146,1939,12304,4187,181894,11,11,BrilliantLady
The Eagle's Nest,9,2020,English,292798,5605,22717,8027,1212826,71,71,HeartOfAspen
Ex Nihilo (And Other Feats of An Untrained Veela),2,2020,English,127093,883,13036,3196,367402,29,29,Kandakicksass
Rewritten,10,2017,English,70951,1112,10927,3271,236539,23,ni podatka,goodmorninglove
The Compact,11,2021,English,64099,619,9208,2662,132171,1,1,astolat
Dragonlord,8,2025,English,458289,2703,9267,2677,734219,138,ni podatka,Dragonspectre
Lift Your Open Hand,12,2016,English,18752,338,10454,1912,131985,1,1,firethesound_HP_archive
Chaos Theory,12,2017,English,102712,1767,10730,3694,257157,78,78,Tessa Crowley (tessacrowley)
The Contender,5,2023,English,58875,661,10647,3744,349176,9,9,rubykrishna
Hogwarts Playground,11,2022,English,66481,1773,8511,2283,312842,33,ni podatka,elvirakitties
Again and Again,10,2018,English,334615,1972,13291,5690,632556,44,ni podatka,Athy
Choices,6,2022,English,624451,12632,48050,12331,2794493,56,56,MesserMoon
Serpent's Ascending,2,2022,English,326008,3318,10412,2559,524884,73,73,Madriddler
Edible Smudges and Insufferable Potters (and Insufferable Smudges and Edible Potters),4,2012,English,2217,111,10514,1152,95352,1,1,Faith Wood (faithwood)
A Patchwork Family,12,2024,English,352357,4840,11497,2698,534457,50,50,aspionage
"Game On, Your Move",12,2022,English,74853,2095,14930,3905,298388,17,17,Ailora
Impossible Things,4,2018,English,13952,332,15476,2913,215967,6,6,accioromulus
Détraquée,6,2024,English,728096,6790,9879,5495,1041950,108,108,Hystaracal
Away Childish Things,11,2018,English,153881,6420,56476,18401,1256912,13,13,lettered
All the Wrong Things,4,2019,English,160297,2922,19320,5007,1232046,24,24,LovesBitca8
The Secret Rune,3,2025,English,190670,2800,11146,3208,314441,36,ni podatka,XxXxDarkVampirexXxX
Finest in Fairford,8,2012,English,4997,180,8109,1049,68413,1,1,bluepeony
Show Me,7,2018,English,7355,298,11774,1895,89682,1,1,loveglowsinthedark
Who I Really Am,3,2016,English,8541,87,11142,1168,127266,1,1,agentmoppet
"All I Have, All I Need",12,2021,English,73744,1095,8622,3364,172016,21,ni podatka,Sineluce_Velius_Tristitia
Harry Potter and the Slytherin Ideal,6,2023,English,135979,2776,11533,2862,512867,70,70,PreciousLadyAthena
The White Pawn,2,2022,English,80547,922,10045,2107,201086,27,27,Soupy_George
The Missing Sister,2,2024,English,652974,4302,13030,5110,1130652,75,75,singularritae
Mother May I,12,2016,English,42365,1026,14982,4816,139349,11,11,esama
The Immortal and the Revenant,4,2020,English,153326,2757,9757,2997,252911,43,43,RileyWilliamsJr
Damaged Goods,7,2023,English,150499,2545,17001,6595,939057,50,50,slytherin_after_dark
A Potter by Any Other Name,5,2023,English,85563,831,8896,2355,201683,25,25,WordsCharacterPlot
Inside Your Mind,9,2020,English,36376,216,8472,2120,125365,1,1,lazywonderland
Draco Malfoy and the Wheel of Hecate,9,2020,English,172692,3616,22882,1384,623091,24,24,starbrigid
Regulus Black and the What the Hell,3,2023,English,31308,1309,13695,3778,134404,21,21,gonzoclock
Lollies and Loki,12,2019,English,180008,2250,8157,2236,216473,49,49,cheshire_carroll
Occultation,8,2025,English,114624,5600,15470,3653,395492,24,25,TimaeusKosmou
"Between Technology, Magic and Death",7,2021,English,124339,2256,8895,3164,420424,60,60,Lerya
In These Silent Days,11,2023,English,67209,2764,14222,4674,495832,14,14,HeyJude19
The Evans Boy: Halcyon Days,5,2025,English,675133,13403,10456,1251,589844,159,159,lonibal
Draco Malfoy and the Letter from the Future,1,2018,English,33459,990,14422,1829,328721,8,8,DracoWillHearAboutThis
(Un)Calculated Risk,6,2017,English,6917,497,19180,3228,248617,1,1,loveglowsinthedark
What Real Thing?,11,2016,English,12676,753,26680,4114,320168,1,1,loveglowsinthedark
Things Gained in the Chamber of Secrets,1,2021,English,21437,468,8897,2130,77834,4,4,Blueseabird2
The Cigarette Case,12,2016,English,6764,485,13545,2758,102294,4,4,AgentMalkere
There May Be Some Collateral Damage,11,2015,English,61217,1241,16287,6261,295468,3,3,metisket
Dear Voldie,6,2024,English,217932,5281,13321,3469,683510,58,58,Faithless_3105
Doctors and Lawyers and Such,11,2021,English,30056,243,9350,2410,85267,1,1,ChokolatteJedi
Luckiest Baby in the World,5,2020,English,18512,255,9265,1610,103662,1,1,mfingenius
Vortex,1,2020,English,20625,624,10692,2384,140985,1,1,xanthippe74
Harry Lord of Slytherin,4,2022,English,109771,856,10529,3243,473562,29,29,Graydove71
Cake,8,2016,English,4315,240,18375,2187,188965,1,1,astolat
Promised,12,2018,English,40906,335,10134,2474,221496,3,3,Miss_Lv
Harry Potter and the Shadowed Light,2,2025,English,284726,5167,41346,12541,1667366,48,ni podatka,Itshannieee
You're All I Have,4,2022,English,228691,1466,15115,5635,470534,49,49,NinjaPandaScholar
White Lies,12,2017,English,171013,512,8108,2461,271715,32,32,cassisluna
he will have power the dark lord knows not,12,2015,English,11809,515,12221,1997,109793,1,1,dirgewithoutmusic
Divination for Skeptics,9,2019,English,98052,1452,8647,4119,408477,12,12,olivieblake
We're Already Married,10,2017,English,3954,582,31034,4441,222879,1,1,XxTheDarkLordxX
blood will tell but often it tells too much,8,2016,English,2489,278,8110,2468,62807,1,1,elumish
To Hurt and Heal,8,2018,English,21608,355,16786,3409,157442,1,1,cassisluna
Amateur Cartography,8,2011,English,20995,324,14991,3103,269151,1,1,worksofstone
"Whatever happened to the young, young lovers?",8,2023,English,355702,3855,27430,8241,1322741,42,42,georgia_sk
The Source of Grief,2,2019,English,14938,672,27589,6490,217072,2,2,withthekeyisking
Teach Me How to Forget,3,2023,English,109646,2265,9344,3826,384109,20,20,scullymurphy
All Our Secrets Laid Bare,2,2014,English,149549,3800,50970,15876,1409658,16,16,firethesound_HP_archive
Flutterflies,3,2017,English,14617,273,13015,2071,137329,1,1,jilliancares
The Serpent That Devours Us,2,2022,English,40212,663,12367,3328,131729,13,13,Maeglin_Yedi
Dwelling on Dreams,9,2021,English,135588,760,8762,3013,223809,18,18,The_Sinking_Ship
Beholden,6,2024,English,123754,2674,9003,2653,206061,10,10,Faith Wood (faithwood)
A Brother to Basilisks,8,2020,English,613877,7030,22698,6188,1164716,155,155,Lomonaaeren
Temptation on the Warfront,11,2015,English,180305,3055,32380,10062,1161103,31,31,alizarincrims0n
IDK My BFF Hermione?,8,2011,English,19110,256,8926,1697,223221,1,1,lettered
Of a Linear Circle - Part I,7,2017,English,107225,1659,8795,1491,270325,16,16,flamethrower
take a deep breath (and let it go),12,2016,English,28600,560,9499,2056,139212,10,10,lincesque
Draco Malfoy and the Heir of Slytherin,7,2020,English,94423,2384,28098,1819,534840,17,17,starbrigid
Then Comes a Mist and a Weeping Rain,8,2011,English,21139,1313,76335,14320,928244,1,1,Faith Wood (faithwood)
Sealed with a Kiss,1,2012,English,46434,282,16147,3619,299072,1,1,Faith Wood (faithwood)
(The Piece) I was Missing All Along,12,2014,English,30778,402,8170,1982,134547,1,1,lauren3210
Harry Potter and the Monster of Slytherin,12,2017,English,101251,654,10935,884,237086,10,10,orphan_account
All the Young Dudes - Sirius's Perspective,4,2022,English,628178,13477,42225,7270,2840946,188,188,Rollercoasterwords
Dear Your Holiness,12,2021,English,142264,2704,13875,5229,497767,12,12,MollyMaryMarie
How to Interrupt a Monologue: Nico di Angelo Style,4,2018,English,2561,99,8124,1105,65348,1,1,Tempest_Raining
Meet You At The Bottom,12,2015,English,7028,105,12421,1599,174004,1,1,Remy_Writes5
The Evans Boy,7,2024,English,670152,12449,12391,2645,666737,173,173,lonibal
"You cannot save people, you can only love them",12,2017,English,51732,550,10870,2548,203590,9,9,heyitsamorette (AmoretteHD)
neither red nor gold,6,2021,English,1077,243,9047,1035,62806,1,1,dirgewithoutmusic
Time to Eternity,5,2013,English,16683,95,9591,1496,153125,1,1,calrissian18
Rorschach,12,2015,English,5422,313,19793,2221,262852,1,1,gracerene
Who’s Afraid of Little Old Me? (you should be),8,2025,English,539502,7723,14310,3680,591558,90,ni podatka,Snoweylily
Emerald,8,2017,English,98332,1354,11677,922,196718,14,14,geoffaree
In Which Harry is Magnetic North and Draco Is An Idiot,12,2014,English,13742,270,12195,2298,132003,1,1,bryoneybrynn
Draco Malfoy y los héroes del Olimpo,8,2025,Español,895955,13123,9376,354,335726,103,ni podatka,Luka_sama
Once more with feeling,9,2021,English,154843,1863,9038,3315,310990,38,38,Mei (Ima1)
Home is With You,4,2019,English,15738,338,14204,2294,219072,4,4,a_dale
tempor · al | ary,8,2020,English,15822,338,9933,2140,111747,4,4,asterismal (asterisms)
A Cure For Nightmares [+podfic],5,2014,English,36083,392,8415,1932,231652,14,14,picascribit
Seven Steps,7,2019,English,134003,1534,10230,2568,222474,43,43,DorthyAnn
The Silent World Within You,7,2011,English,95189,446,11881,3520,378497,5,5,Femme (femmequixotic)
Pros and Cons,9,2022,English,47864,1515,9429,2720,260892,13,13,ChaosAndCrumpets
Friendly Neighbourhood Falcon-Mage,3,2021,English,52934,1849,19463,6949,381512,19,ni podatka,Fregor
Dissident,1,2019,English,181649,741,11777,3045,392978,24,24,Constance1
The Freak Who Lived,7,2020,English,94069,3208,10831,2884,361109,44,ni podatka,DeviantHufflepuff (orphan_account)
A Second Chance at Happiness? Maybe?,7,2018,English,46872,443,9565,2484,257784,13,13,animeotaku20
"The Birds, The Bees, And The Snakes",6,2004,English,2557,128,8173,284,103364,1,1,copperbadge
Hell is Your Son from Another Dimension,10,2021,English,28365,519,17090,3268,231398,7,7,wynnebat
Stark Realisation,9,2020,English,35680,336,8626,2281,149752,15,15,black_blade
"Every Day, a Little Death",1,2019,English,67132,1415,15197,3772,503081,11,11,LovesBitca8
The Greater Good,3,2025,English,298734,3827,9269,3043,459435,66,ni podatka,insiga
Harry Potter and the Immortal's Playground,1,2022,English,24711,1131,17283,4435,216462,10,10,May_May_0_0
At the end of every road,9,2023,English,90346,1283,11941,3733,229250,9,9,sassysquatch
Good to Me (And I'd Be So Good to You),4,2014,English,8905,693,19618,3963,281652,1,1,AWickedMemory (TeddyLaCroix)
fruit loops in time (circle around me),7,2021,English,15101,1104,10889,2595,134467,7,ni podatka,justprompts
Avarice,3,2025,English,374047,2187,9667,2933,535631,79,ni podatka,RiddleInsomnia
Do I Wanna Know?,1,2018,English,25076,456,12458,2129,202708,9,9,shadow_prince
The Power of Seven,4,2021,English,283600,3090,8537,2213,1324701,81,81,VelvetInferno
All the Sense in the World,5,2017,English,10805,402,9603,1315,140157,1,1,loveglowsinthedark
For Want of an Outfit,7,2025,English,1442838,4892,9932,2328,1065778,271,ni podatka,CmptrWz
Youngblood,7,2024,English,75759,1061,10441,2580,193321,10,10,rweoutofthewoods
Found Family,3,2020,English,148005,2126,9216,2503,380249,103,103,Doctor_Who_Cares
So Much for No Strings Attached,2,2025,English,492461,3129,8448,2288,598771,127,ni podatka,PottersoftheFuture
Eternity,9,2016,English,1099,113,8119,602,115341,1,1,TheFeistyRogue
Everything a Word Can Mean,11,2019,English,2355,245,10745,1174,80355,1,1,OTPshipper98
Rosemary for Remembrance,7,2021,English,167789,920,11455,5602,572637,27,27,rubber_soul02
Chicken,6,2015,English,2281,67,8969,864,57590,1,1,Blossomwitch
the family evans,1,2015,English,3529,1020,30840,6538,253584,1,1,dirgewithoutmusic
"Draco Malfoy, It's Your Lucky Day",3,2012,English,37382,610,24470,5652,398608,1,1,Faith Wood (faithwood)
Charred Paws and Heavy Coils,12,2018,English,73953,1199,8772,3644,150543,14,ni podatka,Undead Artist (UndeadArtist)
The Sleeping Beauty Curse,12,2017,English,152552,1554,14777,4029,384228,23,23,who_la_hoop
Tea and No Sympathy,12,2014,English,70045,2235,54651,13811,948127,11,11,who_la_hoop
Measure Of A Man,4,2022,English,588659,9039,35748,15611,3788043,42,42,inadaze22
Take Into the Air (My Quiet Breath),7,2018,English,11725,477,15471,2825,136605,1,1,GuardianMira
The Meaning of Geranium,9,2017,English,239162,3422,8470,897,240822,24,24,Endrina
The Poison Garden,7,2020,English,89503,2808,8192,2513,213149,38,38,turtle_wexler
A Love Potion,9,2014,English,1200,496,17373,1291,147673,1,1,Liepe
The Right Thing To Do,4,2018,English,174911,5955,38850,12679,2057735,36,36,LovesBitca8
Ink (My Skin With Your Name),12,2019,English,21864,199,9584,2372,68452,1,1,Kandakicksass
A Dress with Pockets,11,2019,English,24927,1010,9653,3182,169139,5,5,PacificRimbaud
"Confusion Is Mine, Saith the Lord",7,2022,English,26740,565,10507,1486,126022,5,5,Lomonaaeren
Scientific Method,7,2021,English,133507,2881,10078,1823,214112,46,46,vogon_poet
You Were Crushed (Just Like Me),5,2016,English,4964,233,9921,1161,105268,1,1,firethesound_HP_archive
ink and parchment | blood and bone,3,2021,English,419905,6684,18636,5579,909219,67,67,Rose_by_another_name
Wild Magics,5,2022,English,42325,826,9896,2020,230777,20,20,SilverBlueFire
A Gallows Marriage,8,2024,English,162244,4023,13289,4576,599533,31,31,MilaBelle
Jesus Fucking Christ,3,2024,English,46430,804,10419,2945,259567,19,ni podatka,crispy_croissant
Dragon Singer,8,2016,English,51296,301,9643,2889,125662,13,13,Nahiel
"Mine To Own, Ours To Keep",5,2018,English,69033,689,10765,2584,496435,22,22,bumble_Bree
Embers,10,2017,English,41216,954,26449,5482,426409,3,3,shiftylinguini
Hung Like a Horntail,2,2015,English,2353,237,26025,2788,479643,1,1,lq_traintracks (lumosed_quill)
The Contract,5,2023,English,40722,1192,8218,2025,242933,20,ni podatka,elvirakitties
Matched Set,6,2016,English,5767,297,17426,2957,343462,1,1,astolat
The Little Bat,1,2023,English,76557,3935,14553,3611,598481,37,ni podatka,elvirakitties
All the Young Dudes: Bootleg Tapes,2,2019,English,14231,526,15603,1644,563186,6,ni podatka,MsKingBean89
Solntse,8,2019,English,61997,887,8944,2097,222871,14,14,lumosinlove
Porcupine Quills &amp; Potion Spills: The Second Life of Severus Snape,3,2024,English,48149,1536,11514,2348,321249,43,ni podatka,ShenYuan_did_not_transmigrate_for_this
Side-Along,12,2013,English,22058,237,8834,1822,132686,1,1,lq_traintracks (lumosed_quill)
Candy,1,2017,English,5858,189,10122,1343,95794,1,1,bixgirl1
The Last Seiðr,5,2023,English,66949,1061,8891,3647,208221,10,ni podatka,SummerChildWinterFury
Harry Potter with the Power the Dark Lord Knows Not,2,2017,English,181355,1932,13602,1576,295229,51,51,BakenandEggs
Size Matters,2,2013,English,3422,58,10291,980,182380,1,1,rewrites
Kept Man,12,2019,English,18803,264,10647,2425,123744,4,4,Lomonaaeren
Outside Your Castle,8,2021,English,18202,372,9076,1538,93559,5,5,wynnebat
The Head of the House of Slytherin,2,2021,English,58671,2796,8758,970,211477,55,55,seekeronthepath
How Like Home,8,2025,English,195743,6606,14555,4520,687223,52,ni podatka,waitingondaisies
Strangers in Bars,10,2017,English,7708,250,12606,2082,86786,4,4,WhisperingDarkness
Wands and Arrows,11,2015,English,8220,192,11636,2985,176323,5,5,Runic_Purple_Panda
A String of Consequences,6,2022,English,164536,1097,8460,2091,279065,30,30,semistrawberry
"Terrible, But Great",8,2025,English,344693,10758,25816,7664,796339,56,125,Isalise
I'll Write You An IOU,2,2017,English,7963,168,13367,3132,110184,1,1,TheSilverQueen
How Fate Intended,3,2021,English,398397,4287,14060,3866,866833,72,72,hoboheartache
"yer a wizard, dudley",10,2018,English,21860,822,15500,2769,147085,1,1,dirgewithoutmusic
Starts With a Spin,10,2005,English,119849,880,16339,3994,498580,17,17,Maxine
Slithering,7,2016,English,27355,1163,41423,10420,533237,1,1,astolat
Worlds Beyond Death,4,2024,English,189512,2995,9634,2553,368368,31,31,GeMerope
A Big Black Sky,1,2020,English,90315,2108,23615,7113,472891,13,13,alexmeg
Erosmancy,7,2016,English,11057,374,15366,2559,190544,1,1,astolat
Love In A Time Of The Zombie Apocalypse,1,2022,English,356114,3144,11199,6239,973544,84,84,rizzlewrites
Remain Nameless,11,2020,English,312286,9501,33899,14419,2601827,51,51,HeyJude19
The Best,11,2020,English,90028,1025,10573,3498,255530,42,42,say_no_more
Draco Malfoy and the Cousin He'd Never Asked for (Thank You Very Much),7,2018,English,34331,768,8163,427,118411,8,8,DracoWillHearAboutThis
And I darken,6,2024,English,115629,1497,14766,5035,488489,31,ni podatka,Astra_Mellivora
Potter-Weasley,3,2024,English,118208,1246,8192,2956,226290,8,ni podatka,DayDreamer315
A Short Summary of Things That Are James Potter's Fault,1,2013,English,2205,52,9941,944,101068,1,1,xylodemon
The Meaning of Mistletoe,1,2017,English,30708,1025,12824,2122,243237,3,3,Endrina
Fall Together,6,2022,English,24192,406,8502,1796,67561,4,4,Maeglin_Yedi
Blackberry Tart,9,2020,English,33248,459,12618,1530,138555,3,3,starknjarvis
Time Turned Back,12,2016,English,182031,1238,10882,3174,385485,73,73,TaraSoleil
Twist of Fate,8,2012,English,302014,1346,12074,4565,685812,29,29,Oakstone730
That Old Black Magic,5,2013,English,36775,306,15189,3445,252723,1,1,fallovermelikestars
Crutch,4,2015,English,11508,327,12198,2479,101014,1,1,AWickedMemory (TeddyLaCroix)
Scorpius Malfoy's Future Wife,9,2014,English,1802,182,10089,720,83661,1,1,orphan_account
Flower War,3,2018,English,8307,368,12861,2368,109800,1,1,XxTheDarkLordxX
Perfectly in Pieces,6,2022,English,556722,2568,8295,5408,1062981,65,65,CDLynn
More Than One Way to Win,10,2019,English,18311,593,8642,2051,137851,7,7,scullymurphy
No Grave Can Hold My Body Down,2,2019,English,3447,60,10874,1069,130897,1,1,a_dale
The Second String,4,2021,English,409773,3858,16325,7726,652513,45,45,Eider_Down
All Right,10,2021,English,2570,561,9703,802,260653,7,ni podatka,LovesBitca8
a boy so pretty (such a pity),6,2019,English,5327,151,8700,1901,67824,1,1,asterismal (asterisms)
Genius by the Numbers,11,2020,English,44975,820,10923,2486,147099,7,7,Lomonaaeren
The Medium Between Life and Death,9,2022,English,250915,1643,12171,4666,378450,44,44,NinjaPandaScholar
Sacramentum,3,2025,English,320000,3102,10225,3720,518761,34,34,MyDelphi
these little powerless bones,1,2015,English,841,261,10903,2257,67064,1,1,dirgewithoutmusic
occulta proditione,1,2025,English,68881,441,8770,2040,278194,21,ni podatka,goldenhjp
A Step to the Right,3,2019,English,64006,1506,10522,3078,258341,14,14,CatsAreCool (Rachel500)
Love and Other Historical Accidents,12,2021,English,153841,2516,14203,7515,729682,13,13,PacificRimbaud
Their Beloved Prince,1,2024,English,135949,1639,9495,2402,252145,25,ni podatka,misteeirene
Operation: S.M.W.L.N.T.E.T.H.S.P,8,2017,English,8077,212,9095,1209,85025,1,1,XxTheDarkLordxX
His Darkest Devotion,4,2022,English,256847,3472,20733,5952,914090,45,45,Lomonaaeren
Business and Pleasure,11,2018,English,9609,277,8949,1821,105501,5,5,TheFeistyRogue
check this hand 'cause I'm marvelous,8,2014,English,7959,280,11224,1756,146676,1,1,lq_traintracks (lumosed_quill)
House of Snakes,2,2016,English,71812,661,9673,3264,177871,12,ni podatka,flitterflutterfly
Nyctophilia,7,2020,English,107373,1309,9728,2709,286143,20,20,red_leonne
Obliviate,10,2021,English,88661,2082,25409,3790,641595,28,28,JessalynMichele
A Season For Setting Fires,3,2022,English,95639,3673,15025,5617,655909,31,31,mightbewriting
"darkly, darkly, dawn glittered in the sky",7,2024,English,108126,2639,10103,4009,283147,31,ni podatka,cheshire_carroll
Evidence of Absence,12,2021,English,4263,115,9694,1285,104695,1,1,Lomonaaeren
A Black Mass Over Highway Ninety,11,2023,English,243539,1111,8731,4078,589030,21,21,greenvlvetcouch (roadsidehorror)
The Troublesome Thing About Time,11,2020,English,38914,1194,13698,4073,292022,9,9,LadyKenz347
The Boy Who Kept Dying,4,2022,English,40724,479,11147,3015,146843,17,17,NinjaPandaScholar
Do You Have a Boyfriend? Well You Do Now.,6,2018,English,1290,213,11564,1073,69545,1,1,HydraCarnival
Harry Potter and the Obnoxious Genius,8,2016,English,5202,233,9735,1730,107957,1,1,TheFeistyRogue
Stealing Harry,5,2004,English,99937,1543,24041,6457,841924,11,11,copperbadge
9 ½ Days,6,2022,English,69600,1354,8653,2921,154991,10,10,magpie_fngrl
uvidimsya zavtra,8,2020,English,6169,200,9190,2230,70341,2,2,TreacleTeacups
Legal Alien,6,2012,English,3150,108,13131,1784,107292,1,1,WhisperingDarkness
Draco Black and the Prisoner of Nurmengard,1,2022,English,323728,4783,16394,1322,704721,34,34,starbrigid
"While I Was Fearing It, It Came",3,2018,English,5788,171,15438,2496,117736,1,1,willowscribe
The Green Vial,6,2015,English,31240,322,14232,2504,175130,1,1,eidheann
Raising a Wizard,8,2017,English,28977,514,9881,1500,163454,10,10,a_dale
Invictus,5,2024,English,458391,5774,11363,2954,739062,107,107,greyana
"Ferocious Determination, Insufficient Deliberation, and a Slightly Wrong Destination",3,2012,English,9567,83,8140,1386,110830,1,1,Faith Wood (faithwood)
Unexpected Developments,12,2018,English,97115,619,9018,2769,359562,21,21,Slayer_of_Destiny
The Way Down,4,2012,English,65615,500,8459,2450,181241,9,9,lettered
you are a paradigm,7,2012,English,10013,447,15903,2823,248594,1,1,1electricpirate
for the best,1,2022,English,49105,1882,10293,2780,285687,19,19,HawthorneWhisperer
Green &amp; Gold II,7,2022,English,119553,1025,8459,1317,235647,31,31,JessalynMichele
"Dear Cousin, Love Regulus",9,2018,English,86570,1036,14374,4394,230192,7,7,LLAP115
Lord of Time,11,2023,English,494607,5211,23682,5936,1254089,107,107,DebsTheSlytherinSnapeFan
Who I Was With You,10,2021,English,62026,822,10001,3427,316766,10,10,Curly_Kay
Ghostly Request,3,2017,English,32465,537,8979,1932,216612,14,14,Genuka
Earthbound Spook,4,2010,English,57550,422,11788,2882,190168,8,8,bmouse (cest_what)
There's a Pure-Blood Custom For That,1,2015,English,105549,1115,11867,2926,323594,36,36,Lomonaaeren
"""Sorry, Aunt Petunia.""",1,2021,English,77208,2169,11376,2961,239300,24,24,Emily_Elizabeth_Fowl
Bruised Words,10,2017,English,16672,280,15956,2837,212525,1,1,starknjarvis
Instar,12,2021,English,2963,135,9690,1054,96001,1,1,Lomonaaeren
Nearly,2,2018,English,434936,1882,9704,2540,531889,44,44,gonattsaga
Friend,1,2014,English,7909,152,9321,1795,57719,1,1,esama
Used to the Silence,8,2025,English,74308,1758,11698,3588,287809,25,ni podatka,Lomonaaeren
Higher and Higher (Temptation),4,2016,English,28482,486,14762,3268,260844,1,1,birdsofshore
If Them's the Rules,1,2022,English,219715,4334,20764,5560,661993,42,83,MayMarlow
The Innkeeper,9,2021,English,71472,1508,8554,2809,260053,35,35,Lerya
Certain Dark Things,7,2025,English,981027,7261,13260,2598,813287,306,ni podatka,evejenson (rentachi)
On Punching Gods and Absentee Dads,4,2020,English,246843,11556,28014,10184,1049501,56,56,Enigmaris
Meet Me At Midnight,11,2024,English,114353,1423,10436,4153,508482,14,14,forawhile
Cacoethes,3,2021,English,121775,2065,14131,3707,462316,38,38,IneffableChaos
Hot for Teacher,5,2017,English,61722,2155,11182,3629,444458,26,26,MotherofBulls
Harry Potter and the Lack of Lamb Sauce,3,2019,English,356700,8122,27489,7139,1167586,99,99,imagitory
Aftershocks,3,2016,English,1447,92,12348,1286,258486,1,1,Lokifan
Amethyst,6,2017,English,18434,600,11663,1324,164651,2,2,geoffaree
invisible string,4,2024,English,16319,201,9118,1879,109084,2,2,moonysdustymarsbars
"You First, Loser",6,2014,English,6372,534,20062,3270,198874,1,1,zeitgeistic
Shadow Magic,8,2018,English,48243,769,19728,4275,321413,7,7,Lomonaaeren
What Happened to Draco Malfoy,9,2021,English,44662,871,15118,2766,333099,25,25,ghostlynimbus
words upon my skin,12,2020,English,13350,120,14221,2350,177765,1,1,rxgulus
Touched,1,2023,English,18608,1386,16786,2775,239293,14,14,lemonchase
The Binding,7,2020,English,175451,2601,13416,5951,771598,35,35,Curly_Kay
HP &amp; The Philosopher's Stone: The Time Jump Chronicles,12,2018,English,91132,1653,9443,1747,234127,29,29,Transgressions
In the Interest of Interhouse Cooperation,3,2014,English,11817,184,8826,1279,123765,1,1,firethesound_HP_archive
Hell is Ours to Carry,11,2017,English,3849,132,8637,859,89633,1,1,wynnebat
Enemies with Benefits,5,2017,English,39565,430,8261,1844,232736,16,16,DrusillaMaxima
Serpentine Summer,12,2018,English,13794,267,11973,887,105135,4,4,Lomonaaeren
Spellist,12,2015,English,2483,573,26257,5190,198852,1,1,esama
"The Problem with Eggnog, Uncommon Thoughts, and Sharing a Bed with Sirius Black",2,2008,English,3011,169,26918,3057,312645,1,1,xylodemon
Second Chances,10,2021,English,110457,1733,11454,3766,336134,66,66,JCapasso
Knowledge of the Gods,3,2025,English,64301,2888,11762,2891,323428,60,ni podatka,PreciousLadyAthena
Aural Gratification,10,2014,English,10988,552,12255,2248,165774,1,1,birdsofshore
To Catch A Thief,8,2023,English,73793,2736,12153,2851,391549,35,ni podatka,elvirakitties
Death is but the Next Great Adventure,8,2021,English,288894,2991,16538,4885,544031,61,ni podatka,TheObsidianQuill
Sirius Black Is Sick of Your Parenting Advice,12,2018,English,3881,167,11752,2158,87441,1,1,Lomonaaeren
and I Looked Back on a Broken World,9,2024,English,183678,2286,11891,3256,406702,52,52,raziella
Text Talk,12,2015,English,141250,3770,46315,10911,1158518,14,14,merlywhirls
The Wrong Sort,12,2020,English,289497,2164,9791,3141,326015,20,20,CaffeinatedFlumadiddle
Courting Day,4,2023,English,42877,1030,8645,1883,140287,27,27,wendymarlowe
Ties That Bind (Conjunctionis Ligavaris),5,2020,English,21086,347,8743,2139,155524,2,2,TattoosAndHighHeeledShoes
dirtynumbangelboy,12,2017,English,39400,1686,16745,4504,259399,7,7,magpie_fngrl
dead things,8,2018,English,12826,464,13048,3881,156214,1,1,EclipseWing
Eternal Hilarity,6,2020,English,56791,2624,9151,2603,216224,20,ni podatka,Luxis
Don't Fuck With Florists (They'll Fuck You Up),8,2016,English,13944,928,38747,8176,334268,1,1,MayMarlow
The Miseducation of Draco Malfoy,2,2017,English,37600,1156,11435,2935,176032,7,7,magpie_fngrl
Blends,10,2016,English,192277,1716,9960,3602,435554,22,22,rvltn909
knickers in a twist,2,2020,English,86461,743,15850,4189,499463,7,7,technicolourbeat
All Must Draw Near,2,2014,English,61080,663,8199,2201,187024,25,25,Saras_Girl
In Their Own Secret Tongues He Spoke,7,2019,English,10636,266,14006,719,107864,2,2,Lomonaaeren
Don't think about it and it will go away on its own,12,2024,English,174005,2073,12145,3567,389196,19,19,Gimlili
A Beautiful Lie,11,2021,English,65840,1669,8113,2512,185536,14,ni podatka,Panis_fluvium
Beastspeaker,8,2017,English,17623,216,10073,2385,79544,1,1,prosodiical
Metamorphosis,12,2023,English,173323,2572,16773,3722,482435,36,37,Nitraz
you belong to me (i belong to you),6,2025,English,126449,6911,35913,11991,938154,21,ni podatka,Child_OTKW
Spin the Wand,6,2014,English,2924,125,16497,1567,160417,1,1,WrittenSins
Ouroboros,4,2025,English,640492,7128,12367,5179,742092,48,ni podatka,NovusArs
Burning Red,8,2025,English,711226,5785,25577,9078,1316523,74,ni podatka,NoNameWriter
"THERMOS!, or, How a Muggle-Born Brought a New Age of Spell-Making to Hogwarts (Entirely by Accident)",5,2016,English,3018,260,9124,1568,88309,1,1,susieboo
Buried Memories,10,2022,English,229080,4142,17592,5987,668163,52,ni podatka,BellaBix
punch-drunk fingerprints,1,2016,English,1983,447,49898,4834,393216,1,1,tamerofdarkstars
The Debt of Time,11,2017,English,715940,7987,26685,12153,2590934,154,154,ShayaLonnie
Things We're All Too Young to Know,6,2022,English,208310,1636,10455,4839,531554,30,30,eevans
Unexpected Consequences,9,2021,English,52025,978,10667,3321,253990,11,ni podatka,Siebenschlaefer
The Heir of the House of Black,8,2025,English,564215,3487,14811,5021,1066530,87,ni podatka,ravenclawblues (ravenclaw_blues)
House Colours,3,2021,English,3631,43,9971,1215,70456,1,1,buttons_n_bose
What We Pretend We Can't See,2,2017,English,131086,3447,35657,13734,898219,14,14,gyzym
Five Weddings and a Potions Accident,12,2016,English,19675,376,13016,2870,147735,1,1,lauren3210
Power and Control,12,2018,English,5576,181,10513,1221,109070,1,1,temptresslove
The Dead Master,1,2019,English,91968,1310,8509,2816,150192,8,ni podatka,FalconLux
Presque Toujours Pur,1,2023,English,167827,1170,9514,4373,391639,38,38,ShayaLonnie
Strange Bedfellows,10,2016,English,30692,397,19408,4774,274454,1,1,orphan_account
The House of Lord Potter-Black,8,2025,English,755698,5221,20801,6402,1298205,51,ni podatka,StarLight_Massacre
"Five Times They Weren't, and One Time They Totally Were",11,2016,English,3466,180,9399,1623,79078,6,6,ni podatka
How Remus Got His Groove Back,10,2017,English,42766,1211,17087,4629,302454,14,14,RealityShowJunky
Two Weeks,10,2016,English,21951,492,22797,4241,285456,1,1,shiftylinguini
Ashes in the Wake of War,3,2023,English,169720,1344,11330,3532,277036,28,28,NinjaPandaScholar
Boredom and Secrets,2,2024,English,43593,3154,10686,2142,217362,61,61,XxXxDarkVampirexXxX
Normal Enough,1,2024,English,60612,1592,9231,3509,188963,19,ni podatka,EmpressOfMaladies
"BLOODY, SLUTTY, AND PATHETIC",5,2024,English,195969,7092,26376,10396,1483512,21,21,WhatMurdah
Tip of Your Tongue,4,2023,English,78540,2931,11452,2110,169317,11,11,Spork_in_the_Road
(honey) there is no right way,6,2017,English,24511,384,13190,2906,137438,1,1,sincere_lies
War Paint,7,2014,English,18876,281,9961,2263,134350,9,9,provocative_envy
More Marvellous-Cunning Than Mortal Man's Pondering,7,2020,English,25942,545,10922,577,101049,5,5,Lomonaaeren
Waiting to Divide,1,2013,English,22674,178,8119,1685,103569,1,1,emynn (orphan_account)
Unleashed,1,2023,English,64025,945,9387,2541,302773,21,ni podatka,Invernire_pandemonium
A Convenient Impracticality,12,2015,English,38540,906,23606,6233,382848,1,1,firethesound_HP_archive
Pythonicus,12,2020,English,44388,1253,24167,2484,205228,7,7,Lomonaaeren
Sweets and Studies,8,2021,English,96107,2870,8520,2211,211608,26,ni podatka,cheshire_carroll
To Save A Genius,5,2020,English,34567,406,8636,2559,144938,7,7,Slayer_of_Destiny
The Master of Death,9,2022,English,233981,3627,17759,5563,821806,53,ni podatka,Quine
Potter's Wheel,1,2014,English,6265,129,9635,1911,87025,1,1,esama
Reprise,3,2021,English,105797,1721,17545,5343,633608,36,36,Herald_of_Dreams
Here's Looking at You Kid,3,2023,English,140059,1499,9678,3284,277403,14,14,MesserMoon
Saved by Hufflepuff Friendship,8,2016,English,10585,172,15166,3607,161541,1,1,whitedandelions
Mental,12,2010,English,186678,2221,39089,9767,1214820,32,32,sara_holmes
How 'Potter' became 'Harry' because of a Seeker's game,11,2018,English,1644,157,13057,1066,110739,1,1,mfingenius
Murmuration,8,2020,English,6452,296,12592,2328,105416,3,3,TreacleTeacups
the golden king,2,2025,English,711610,8306,17727,4682,1067531,160,160,maladaptivewriting
Aparecium,7,2020,English,58469,1324,16056,4490,534797,14,14,LadyKenz347
the family potter,4,2017,English,9751,1064,19587,3930,197242,1,1,dirgewithoutmusic
You open always (petal by petal),12,2017,English,65214,919,11991,3092,236576,6,6,birdsofshore
Rivals don't treat each other like that,12,2021,English,2427,173,10914,1334,70764,1,1,everdeen6
Cherry Mint,7,2020,English,58081,1415,13672,3284,519981,27,27,dirtymudblood
Things Worth Knowing,12,2017,English,164523,1288,15351,4981,467308,10,10,Femme (femmequixotic)
The End Is The Beginning,4,2021,English,161299,1792,19281,4180,629385,33,33,Nitraz
Contradictions,1,2023,English,183073,1228,10462,5063,679396,17,17,ambpersand
Eclipse,3,2012,English,287239,1162,10344,3534,443593,20,20,Mijan
disguised as something else,3,2020,English,3118,305,14730,2919,115316,1,1,aloneintherain
Song of the Forgotten,7,2025,English,89407,3835,14124,4712,260529,25,ni podatka,May_May_0_0
Three and a Half Days,8,2025,English,82406,2456,9927,4005,278145,25,ni podatka,LyingInSpirals
The Breeding Ground,2,2025,English,3176981,859,8951,1384,4155906,2,2,megamatt09
After the war,8,2025,English,260933,2922,8838,2415,346942,66,ni podatka,Mandalia
In Evidence of Magical Theory,1,2017,English,43747,1165,35258,8143,606904,7,7,bixgirl1
"God of Mischief, Master of Death",4,2024,English,449158,7432,10613,3110,721846,130,130,CrazyArtChic
"Trouble with your tie, Potter?",12,2022,English,6725,245,11269,1456,100839,1,1,tenthousandyears
"Matchmaker, Matchmaker",4,2017,English,1948,110,9424,1291,82687,1,1,Watermelonsmellinfellon
Casualties of Politics,4,2025,English,185341,2067,8285,2706,243973,29,105,Lomonaaeren
A Shift In Perspective,3,2023,English,68269,857,9551,3001,202378,24,ni podatka,nobodyzhuman
Harry Potter gets smart and takes control - The Goblet,12,2021,English,465931,3620,13238,3993,707685,93,100,YoullNeverCatchMeAliveSaidHe
The Boyfriend,2,2022,English,29061,1185,8825,2700,143694,14,14,AverageFish
Evitative,2,2020,English,222453,8402,80849,21858,2692668,29,29,Vichan
Ligabus Filium,9,2017,English,41534,414,9944,2616,198971,12,12,Tessa Crowley (tessacrowley)
Regulus Black's Favourite Gryffindor,1,2023,English,7832,89,12055,1870,100816,1,1,MiriamMT
Now I Know In Part,4,2023,English,39825,724,9649,2762,168059,11,11,dodgerkedavra
Emancipation,10,2013,English,133741,646,9444,2886,343954,43,43,BadGirlgoesworse
A Good Teacher,6,2015,English,12989,417,8634,2126,70072,1,1,lecturience
History Repeats Itself,5,2025,English,188848,2407,14861,3737,495520,36,39,tragicomic_relief
"The Electric Fizzing Prick Pistols, or Whatever",8,2013,English,3816,518,41346,4249,359699,1,1,whitmans_kiss
The Wolf Pack,8,2013,English,13672,313,19600,3375,209797,1,1,dracogotgame
Ten out of Ten,7,2022,English,61559,2255,22315,7948,763723,16,16,morriganmercy
Second Chances,7,2022,English,118341,1254,11981,3348,370854,40,40,CrazyCatLady (Scribblesnpaws)
"Baby, I've been running",10,2022,English,72000,1072,12208,3568,259184,6,6,freakydeakymoonmagic
Reparatio,2,2016,English,17363,658,26250,5580,406918,1,1,astolat
pathological people pleaser,10,2023,English,114435,1760,18048,6238,551829,19,19,rweoutofthewoods
Dark Heritage,7,2025,English,882862,7092,18809,6151,1207769,100,ni podatka,Drops_of_Nightshade
Staying Strangers,5,2023,English,319368,3641,11284,2568,636242,53,ni podatka,3amAndCounting
Chills of the Living,4,2023,English,47872,629,8669,2175,141688,11,ni podatka,Tempest_Raining
When Pigs Fly,6,2023,English,51478,1298,12271,2360,269687,16,16,MoonlightEtherealAria
Of His Bones,5,2025,English,310617,3482,10492,3063,515800,38,38,MesserMoon
A Good Prisoner,6,2025,English,122861,6361,14955,5024,672550,33,33,greenflowerpot
"Hey, Potter",5,2013,English,16024,487,45588,6860,485482,1,1,SunseticMonster
Nothing Good Happens After 2AM,1,2022,English,8574,290,13121,2478,305856,2,2,LovesBitca8
My Name is Cameron Sage,9,2008,English,41891,345,10964,2494,153704,19,19,thesewarmstars
The Problem With Soulmarks Is,9,2024,English,141024,2192,13445,4894,321180,27,ni podatka,LadyAramisGrey
Thermodynamic Equilibrium,10,2019,English,5025,645,30983,5898,277191,2,2,DorthyAnn
The Venom Peddler,8,2019,English,114010,2195,12381,4957,294465,56,56,lightningfury
A Brief History of Dragons,5,2020,English,23488,852,9591,3314,152618,3,3,eyra
Brevem Conspectum,11,2014,English,11707,261,11035,1705,120991,1,1,lauren3210
Awakening,10,2020,English,54827,1974,10752,3571,308717,13,13,SweetShireen
A Plan of Deepest Subtlety and Cunning,7,2020,English,6747,204,11200,2114,115588,1,1,Lomonaaeren
Right Hand Red,1,2015,English,73173,2418,43073,11357,914270,3,3,lq_traintracks (lumosed_quill)
House Pet,7,2025,English,404374,6649,10472,4357,748274,56,65,NinaBinaBallerina
Music Beneath the Mountains,12,2018,English,7324,537,18794,2274,172289,2,2,Lomonaaeren
Strive,1,2020,English,42833,1289,13399,3447,270678,23,ni podatka,Mister-Tom-A-Dildo-Lover (Watermelonsmellinfellon)
The Untouchable,4,2020,English,74840,1987,26656,8120,448320,14,14,TreacleTeacups
The Lost Heir,8,2022,English,170812,1018,14812,4446,643966,26,26,RiddleMeThis1926
Harry Potter and the Secrets of Vipers,7,2019,English,148243,2411,10519,1794,348145,15,26,orphan_account
Future Histories,9,2024,English,6069,489,9461,1667,52912,1,1,thecouchsofa
Magic and Mystery,8,2021,English,209039,2345,26331,2622,727859,55,55,Allegory_for_Hatred
On a Pale Horse,3,2018,English,58137,700,8955,3498,207359,23,ni podatka,Hyliian
Wait and Hope,4,2020,English,94946,4193,37170,12927,1360128,12,12,mightbewriting
It's All Just Temporary with a Bit of Necromancy,5,2025,English,367160,2916,17837,6169,852500,52,ni podatka,TC_Hand
Open For Repairs,1,2015,English,34901,632,9973,2979,133156,1,1,FeelsForBreakfast
47 Days to Change (a translation),2,2021,English,200975,2663,13016,2571,482926,97,97,snow_owl01
Mortem Obire,1,2024,English,80522,1307,9644,3933,264408,14,ni podatka,thatdamnuchiha
Newts,4,2016,English,13926,353,18407,2799,261838,1,1,astolat
Snake Scales and Serpent Tails,8,2022,English,449036,6447,17658,4838,1022797,83,ni podatka,Ethril
Feather and Glass,8,2025,English,237378,3524,13563,4049,469920,53,ni podatka,Lomonaaeren
Completely Gone,2,2016,English,5416,79,8753,1340,80006,1,1,orphan_account
[Watching | Marauders Era Watch] War Children,8,2025,English,258766,3802,9685,2703,546245,29,ni podatka,x_manga_Bleach_x
Storm of Yesterday,1,2017,English,129507,2009,12375,3944,317415,68,68,ShayaLonnie
Draco Malfoy and Why in Merlin's Name is it ALWAYS Harry?!,11,2018,English,56942,2103,9196,537,152733,13,13,DracoWillHearAboutThis
The Games They Play,8,2020,English,233425,3202,20784,5969,717178,55,55,DebsTheSlytherinSnapeFan
Just a Few Changes (will Keep you Safe),9,2022,English,29846,1045,16468,5770,184034,4,4,Blueseabird2
trapped in a blue haze,8,2017,English,5610,343,29239,4177,325004,1,1,MourningElegance
The Lip-Lock Jinx,6,2016,English,20468,295,25571,4797,220297,1,1,cassisluna
Consuming Shadows,5,2025,English,452849,6037,24487,7361,991478,61,64,Child_OTKW
Who Shagged Harry Potter?,4,2012,English,6464,220,31537,3875,402023,1,1,Faith Wood (faithwood)
Severus Snape - The One Who Walks in the Shadows,7,2024,English,152076,2043,8583,2605,264054,21,ni podatka,Shinehiro
A Marauder's Plan,6,2016,English,865520,3040,15849,6971,1526793,87,87,CatsAreCool (Rachel500)
"familiar faces, worn out places",9,2019,English,7386,384,14171,2618,194127,1,1,LovesBitca8
(i wanna) cut to the feeling,10,2019,English,3736,83,8904,1320,63685,1,1,asterismal (asterisms)
"This Christmas, I Give You My Everything",12,2017,English,5915,298,10386,1769,127568,1,1,loveglowsinthedark
Doer of Good Deeds,8,2013,English,6257,149,13996,1716,141530,1,1,Lomonaaeren
Prized,7,2018,English,120217,1347,9919,2663,278897,49,49,Nahiel
The Dragon of Moria,5,2016,English,5200,470,15994,3626,161714,1,1,pristineungift
Dear Diary,9,2015,English,20427,940,19277,3855,193430,1,1,AWickedMemory (TeddyLaCroix)
Dudley Dursley's Most Unexpectedly Fortunate Flower,4,2016,English,14468,245,9338,2190,75985,1,1,aTasteofCaramell
Beginning and End,12,2020,English,241977,4727,14967,4894,1051381,48,48,mightbewriting
second chances,11,2023,English,34439,744,13613,3121,252727,10,10,introvertedhufflepuff
The Dark Guardian,5,2017,English,24802,367,11846,3433,154561,6,6,InTheShadows
Mind the Bump,3,2024,English,84050,1767,10686,2784,318407,28,28,Soap1
Namesake Necklace,1,2021,English,121123,2305,12646,3103,371800,25,25,WiCeBa
Harry Potter in the City of Angels,8,2019,English,23574,808,8129,2140,77923,6,6,BrilliantLady
Harry Potter and The Great Custody Battle,6,2025,English,65520,2029,12376,4307,371655,29,ni podatka,dajgen
Falling Apart,7,2023,English,216816,3384,11155,2841,367695,50,50,Zain
Dress up in You,7,2019,English,88408,1382,18924,4104,437903,19,19,MsKingBean89
The Potter-Malfoy Problem,12,2008,English,28939,272,13119,2351,197906,1,1,who_la_hoop
Proof That Tony Stark Has a Heart,4,2013,English,177588,1006,18409,6680,563501,36,36,orphan_account
Golden Age,7,2025,English,96594,837,10175,2622,282113,37,37,black_blade
"Movements, Contrived and Improvised",12,2021,English,14395,535,9311,2292,132092,2,2,HeyJude19
The Silver Envelope,6,2023,English,192646,2487,10723,4051,568022,70,70,sinflower81
My Beautiful Boy,4,2021,English,69609,1209,8229,1478,133507,13,13,alexmeg
Custodarium,1,2020,English,73172,947,13008,3607,325743,26,26,Tina48
"Shake it, Bake it, Brew it",5,2019,English,140693,969,10127,3283,326868,32,32,Blackkitten23
If stars died of old age,6,2017,English,5115,307,12385,2304,116439,1,1,DefNotForWork
Azoth,12,2013,English,88722,3477,38749,12569,878602,14,14,zeitgeistic
At the Crossroads There We’ll Meet,7,2014,English,24508,283,9056,1942,123686,1,1,firethesound_HP_archive
Green &amp; Gold,3,2022,English,144458,1112,15892,3100,459068,33,33,JessalynMichele
The Cadence of Part-time Poets,2,2023,English,979910,12212,43064,12345,3741998,108,108,motswolo
Reparations,7,2013,English,87376,762,13336,4164,367571,10,10,Saras_Girl
The Deathly Avenger,3,2024,English,31226,750,11369,3893,208603,10,ni podatka,Hockey_Lover31
It Was All Just a Game (Rewrite),10,2021,English,617182,2759,14879,4752,940487,83,83,write_me227
The Owl Who Came for Christmas,12,2015,English,17706,159,9668,1785,86648,1,1,dracogotgame
Harry Potter and the Interlude,7,2016,English,37416,395,9350,670,142015,10,10,BakenandEggs
Between Thought and Reality,8,2023,English,115833,3025,16654,5929,439396,22,ni podatka,Maeglin_Yedi
"there will come a time, you'll see",7,2018,English,10773,310,12432,3647,107174,1,1,aloneintherain
A Whole New World,9,2021,English,80393,630,9115,2417,212183,37,37,fuzzy_christmas_socks
Altered State,2,2025,English,56771,8784,11712,2733,570481,54,ni podatka,Ginnyruin
A Game of High Stakes,6,2023,English,263110,3245,9010,4148,679146,51,51,In_Dreams
Inventing Paradoxes,12,2021,English,62042,1297,10497,2762,178274,11,11,Ailora
Once a Fool,8,2014,English,7309,77,10626,1268,141190,1,1,Yulliah
"Hope Springs Eternal (But Love Springs in the Forest, Unannounced)",8,2012,English,12394,195,9853,1762,170171,1,1,lettered
"Hiding Scrawl, Licking Freckles, and Other Average Wizard Things",4,2015,English,3663,262,19315,1846,217710,1,1,tamerofdarkstars
"From Wiltshire, With Love",12,2021,English,352755,12006,14959,6920,1189799,86,86,MistressLynn
All the Young Dudes,11,2018,English,526969,44483,276686,49328,18155528,188,188,MsKingBean89
An Issue of Consequence,4,2014,English,20798,843,46505,7763,733646,5,5,Faith Wood (faithwood)
Not Your Heroes,7,2021,English,93614,1532,9010,2729,260583,55,55,Vemodalen
"good night, darling",4,2024,English,161886,1855,15961,3905,584538,56,56,purplemineralwater
Death's Chosen Child,4,2022,English,120382,1271,13449,3980,406295,13,13,MBlack93
Draco Malfoy and the Dark Lord's Diary,3,2018,English,29456,715,8967,550,144158,7,7,DracoWillHearAboutThis
The Anti-Heroine,5,2020,English,641976,3080,11373,3684,569322,85,ni podatka,cheshire_carroll
Harry Potter and the Welcome to the World of Grey,12,2020,English,456640,4937,26709,8950,1425604,30,30,sobsicles
Adagio,9,2013,English,6522,178,8509,1762,95391,1,1,lupinely (orphan_account)
Slip Into My Lover's Hands,7,2015,English,5933,341,16692,2411,270366,1,1,lq_traintracks (lumosed_quill)
Meet Your Match,3,2022,English,121611,2610,19772,8191,1009328,26,26,morriganmercy
Resurrection,5,2020,English,41982,1254,10211,1688,169258,9,9,Spork_in_the_Road
Tonsus,6,2020,English,43603,468,8654,2176,133876,5,5,TessaVance
Dangerous,5,2014,English,6342,310,40322,4593,506188,1,1,Faith Wood (faithwood)
Walking Dead Wizard,5,2025,English,585079,4604,10329,2802,668456,133,133,DebsTheSlytherinSnapeFan
How Like Hatred,11,2019,English,9117,285,8191,911,122057,3,3,Lomonaaeren
Don't Blame Me (It Was All a Blur Last Night),6,2015,English,18976,249,8196,1302,92664,1,1,nerakrose
Turned Tides,3,2024,English,143697,1878,10082,2957,416253,32,32,rsbarelle
Operation Walburga's Arbitrary No Kissing Ever Rule,9,2023,English,91327,1356,9299,2689,215498,11,11,courfee
Mine,2,2018,English,3800,216,9576,846,66168,1,1,Craftybadger1234
Chasing Dragons,7,2021,English,98930,920,14362,4710,294818,15,15,The_Sinking_Ship
the last son,9,2016,English,13051,548,12166,1771,141013,1,1,dirgewithoutmusic
"The Same, But Different",4,2020,English,90582,816,14231,4508,259594,25,25,SomewheresSword
Future's Past,5,2016,English,40945,973,15160,5527,366501,15,15,darkseraphina
blinding lights,8,2023,English,96285,1252,8936,2510,301217,26,26,introvertedhufflepuff
A Certain Mood,7,2025,English,196186,1847,8470,2865,279696,37,37,Rabenschnabel
The Art of Self-Fashioning,7,2017,English,283934,2735,10584,3105,357069,65,65,Lomonaaeren
it runs in the family,8,2021,English,13757,720,12053,3296,131229,3,3,justprompts
"Forever, preferably",11,2023,English,67690,1031,18103,5727,241993,8,8,JoWithTheFlow
You Send Me (Honest You Do),4,2017,English,37004,464,12477,2680,174183,2,2,firethesound_HP_archive
The Lost King,11,2024,English,114510,3431,8849,2879,366772,28,ni podatka,Metalduck
Hero of the Story,9,2020,English,364621,2252,8811,3057,424717,57,57,kimmy_writes (WickedlyAwesomeMe)
Draco Malfoy and the Year When Everyone Suddenly Paid Attention to Him,2,2020,English,70441,3186,10489,723,201235,15,15,DracoWillHearAboutThis
A Smile like Sunshine,1,2020,English,2956,410,10244,1031,84195,10,10,Wolven_Spirits
Lord Thanatos,7,2022,English,72819,920,8390,2341,226107,25,ni podatka,wonderfulWonderful505
"he's a killer queen, sunflower, guillotine",3,2022,English,218412,4138,16315,5267,561942,28,ni podatka,hoye
Eat Your Heart Out,6,2024,English,229065,3201,8440,2782,308515,34,34,evaleon70
Basic Instincts,1,2017,English,49482,958,12492,3106,213286,14,14,manic_intent
The Long Game,6,2023,English,250008,1468,10888,3555,508639,27,27,lackadaisical_lizard
no place like home,7,2015,English,13193,1212,25079,6446,263241,1,1,dirgewithoutmusic
The Darkening of Your Soul,3,2023,English,260498,9606,44514,13004,1755964,56,ni podatka,Maeglin_Yedi
Blood and Gold,6,2025,English,479655,12626,29068,6517,1256430,78,78,ObsidianPen
The Devil's White Knight,6,2016,English,64573,1011,38734,8923,693914,10,10,orphan_account
A New Place To Stay,4,2015,English,344130,1810,14171,4567,642112,79,79,DebsTheSlytherinSnapeFan
Tense,12,2013,English,2970,100,9379,1242,160904,1,1,Faith Wood (faithwood)
Property of the Half-Blood Prince,7,2019,English,12244,350,14741,2767,164527,3,3,Lomonaaeren
O Mine Enemy,3,2021,English,373223,2504,13479,4745,568032,61,61,KirbyLane
"Once More, With Feeling",5,2021,English,106117,1818,12298,5531,507188,12,12,wetpretzel
F**k your lemon drops,1,2025,English,128462,2109,13768,4683,457339,36,ni podatka,Lenessia
Sharing is a Myth,2,2018,English,5566,275,9997,1698,80700,1,1,XxTheDarkLordxX
Amor Vincit Omnia,12,2022,English,288120,2519,20537,8562,1412224,32,32,Twin_Flame_Blues
Hadriana Potter and Mother Magic: Betrayals,9,2023,English,68856,1305,10987,2860,426451,22,22,Mast3rofd3ath
Necessary Supplies,4,2008,English,4259,59,9155,1009,116457,1,1,xylodemon
Trust the Wolf to Bring You Home,2,2019,English,14577,393,9368,1400,109980,6,6,pancake_surprise (keenbean)
Pretty Fond of Not Very Good Ideas,2,2017,English,4962,406,11751,1696,98885,1,1,lq_traintracks (lumosed_quill)
Let Nothing You Dismay,12,2014,English,18993,429,10896,3125,194960,1,1,montparnasse
How Tom Got Dangled Off the Astronomy Tower,11,2022,English,3686,211,10152,1725,71975,1,1,Lomonaaeren
When in Rome,3,2018,English,164267,2107,8481,2093,284909,31,31,XblackcatwidowX
Pureblood Omega Etiquette,12,2018,English,5995,135,8500,1421,75759,1,1,temptresslove
Holly Potter and the Midlife Crisis,9,2020,English,392453,17762,28419,9429,1264123,80,80,Enigmaris
"But For You, I Did",1,2020,English,20976,606,16205,3736,171097,1,1,duplicity
Kiss Me Not,10,2017,English,21320,740,20614,3194,192723,10,10,DorthyAnn
"Like Cinderella, But With Cock",11,2017,English,8978,397,16349,2395,219645,1,1,loveglowsinthedark
The Courtship of Harry Potter,6,2016,English,37134,664,9289,2554,177735,18,18,Diana Williams (dkwilliams)
Harry's Fucking Non-existent Boyfriend,5,2020,English,2060,112,9314,1213,88367,1,1,aroundloafofbread
Little Lion Boy,7,2020,English,11097,422,9659,2157,53495,1,1,ShanaStoryteller
Harry Potter and the Alpha-Omega Bond,2,2015,English,20225,428,12823,1744,427135,3,3,Becstar7
forget-me-not,4,2024,English,13325,171,11168,2253,98417,1,1,rxgulus
Weeds or Wildflowers,12,2016,English,17276,452,12181,2552,153369,1,1,lq_traintracks (lumosed_quill)
Mourning Dove,6,2024,English,20925,491,11978,2891,148854,10,10,MusicalSurge
Second Chances,12,2014,English,100607,555,10685,3550,486670,19,19,Slayer_of_Destiny
Come Find Me,8,2022,English,90453,1394,12757,4152,482562,37,37,hopelessravenclaw
One Quiet Question,7,2023,English,140470,1081,13076,4109,708862,37,37,Graydove71
Whispers in Corners,1,2014,English,64402,855,27878,9556,419041,10,10,esama
The Hogwarts Potions Professor,1,2019,English,11191,1040,10901,1572,191491,22,22,seekeronthepath
The Boy Who Only Lived Twice,2,2012,English,54117,689,16486,5630,348119,1,1,lettered
Lumos,12,2016,English,41476,1120,38872,8609,654695,1,1,birdsofshore
SCHOOLED,4,2013,English,113681,1497,9463,4474,328723,17,ni podatka,WyrdSmith
The Brightest Star Of The Darkest Night,12,2022,English,364787,3380,13449,3197,810807,57,57,TheDarkLover22
Through The Fire,8,2021,English,212551,2084,16884,4778,695886,50,50,SongAngel
if wishes were thestrals (muggles would ride),4,2025,English,73282,3234,8694,1705,343861,435,435,Ellory
The List,3,2020,English,70526,667,8261,3081,298651,10,10,AureliaBlack90
The Grand Design,7,2019,English,18514,399,11758,1292,133353,3,3,Lomonaaeren
Your Name Upon my Heart,2,2019,English,3040,72,8220,649,89618,1,1,a_dale
Draco Malfoy and the Mortifying Ordeal of Being in Love,4,2022,English,199548,12685,88988,27896,4706421,36,36,isthisselfcare
Harmonies Unconquerable,12,2020,English,28427,615,9517,500,81928,5,5,Lomonaaeren
What I thought,7,2014,English,7826,360,10186,1847,181986,1,1,bafflinghaze
The Colours of the World,10,2024,English,123304,2711,12740,4714,326977,24,ni podatka,MaiKusakabe
A Little Bit of Everything,7,2025,English,682609,5335,9394,2814,659042,140,ni podatka,Frenchroast99
"The Four Ds of Apparition (or: Destination, Determination, Deliberation, and Dicks)",7,2015,English,36638,1007,8546,2455,143228,1,1,eidheann
Thou Shalt Have No Tournaments Before Me,1,2023,English,34527,736,8820,715,86557,7,7,Lomonaaeren
For The Greater Good,12,2017,English,59246,848,10483,2814,170174,9,9,jadepresley
On the Nature of Daylight,8,2021,English,235392,2116,13948,6000,1270116,27,27,ikorous
the girl who lived (again),8,2016,English,10330,759,18254,3223,192772,1,1,dirgewithoutmusic
Who we are in the shadows,12,2019,English,99714,1333,10402,4240,272212,12,12,orphan_account
The Dragon-Headed Door,11,2019,English,10701,385,12176,630,90339,2,2,Lomonaaeren
Guess Who's Coming to Dinner,11,2018,English,5098,197,14767,2084,114584,1,1,dracogotgame
Earning His Notice,7,2018,English,6112,170,10281,1314,167299,1,1,Lomonaaeren
Powerful Men,11,2019,English,4384,123,8843,1416,63608,1,1,Lomonaaeren
Mo Chridhe,9,2024,English,88714,1889,8510,2999,264019,21,ni podatka,DebsTheSlytherinSnapeFan
Dark Phoenix Rising,4,2025,English,242422,4282,8567,2269,460092,69,69,Faithless_3105
The Rewards of Bravery,4,2015,English,13797,127,9191,1142,129598,1,1,lauren3210
The Ferret's Nest,8,2020,English,9609,297,9551,1716,89490,1,1,loveglowsinthedark
Aurelian,3,2015,English,255436,992,9068,3716,563694,43,43,BittyBlueEyes
One and Done,9,2020,English,34930,586,9701,3066,299416,4,4,PacificRimbaud
Harry Potter And The- so I really am Fate's Bitch?,5,2025,English,58004,995,14517,3917,349161,9,21,bookloser
Second Life,9,2008,English,231591,1083,10925,2873,379828,48,48,Lariope
All Roads Lead Home,12,2015,English,14981,277,9967,2198,103688,1,1,dracogotgame
Secrets and Masks,11,2022,English,454495,5905,30798,10715,2563999,75,75,Emerald_Slytherin
Professor Potter and his Magical Menagerie,9,2016,English,7530,270,11855,2010,96659,1,1,dracogotgame
Lord Mortis The Accident,10,2021,English,104917,2121,9163,4344,306021,19,ni podatka,BlueLaceAgate
Running on Air,12,2014,English,74880,5284,64044,21191,1555683,17,17,eleventy7
baby birds and other adventures,2,2017,English,2982,292,13021,1775,109086,1,1,dirgewithoutmusic
The Answer is Silence,11,2021,English,40646,645,13840,3454,190041,7,7,Lomonaaeren
Welcome To Earth,5,2022,English,69442,1218,10407,3311,257456,16,ni podatka,dclaw23
Sex and the Art of Castle Maintenance,12,2018,English,14958,343,11385,2073,161836,1,1,birdsofshore
A Shot in the Dark,9,2013,English,2680,111,9020,1083,81989,1,1,orphan_account
Switch With Me,12,2022,English,3670,77,9792,1434,70155,1,1,MiriamMT
The Great Christmas Biscuit Misunderstanding of 1977,12,2012,English,3231,78,13576,1476,148434,1,1,xylodemon
Unsealed,1,2014,English,4704,424,16957,3455,122515,1,1,esama
wading in waist-high water,6,2022,English,82048,1105,13085,4589,288897,9,9,colgatebluemintygel
unexpected,9,2021,English,66880,782,11653,3204,316331,13,13,ambpersand
The Claiming of Grimmauld Place,12,2017,English,74228,1079,11246,3864,203119,7,7,bixgirl1
The Care and Management of Volatile Veelas,12,2014,English,12219,160,11946,2344,168813,1,1,dracogotgame
Hold what's dear in your hands (and never let go),3,2021,English,16431,129,8173,1481,166198,1,1,Fae_vorite
you've got the antidote for me,9,2018,English,20730,1801,63602,17447,702533,1,1,Kandakicksass
Yuu and the Power of Magic,8,2025,English,1504810,3654,8534,1513,732594,50,ni podatka,writingerror
The Politician's Wife,5,2010,English,65893,1559,9563,4008,342797,14,14,pir8fancier
Full circle,4,2024,English,73621,7484,48373,14104,910229,30,ni podatka,tetsurashian
The Lesson of You,3,2018,English,65233,846,25529,6830,398219,4,4,thecouchsofa
Old Haunts (Are For Forgotten Ghosts),4,2021,English,40000,417,12335,2754,141411,4,4,ni podatka
Book One: Snake in the Grass,5,2023,English,109917,2570,12450,3534,263510,20,20,orphan_account
Starting Now I’m Starting Over,5,2016,English,4306,129,10813,1608,80334,1,1,skoosiepants
Adaptation,4,2021,English,63143,632,8924,2033,203162,15,15,TemporalWarlock
Draco Malfoy and the Depths of the Mind,7,2019,English,65954,2297,9185,498,149323,17,17,DracoWillHearAboutThis
The Root of All Evil Is Love,3,2022,English,36483,1631,9877,2213,185552,15,15,Crystia
Blood and Fire,12,2017,English,44888,783,8441,2739,158833,2,2,lq_traintracks (lumosed_quill)
Eight's Company,6,2024,English,15909,1267,18092,3339,186290,3,ni podatka,darkbluedark
The Full Monty,3,2017,English,9860,427,10739,1894,150862,1,1,magpie_fngrl
Avenging an Avenger,3,2025,English,184870,3978,13069,4368,375148,28,28,NinjaPandaScholar
Bonded Consort,7,2017,English,89650,1205,8742,2237,171137,29,29,Lomonaaeren
Innocent Monsters,8,2021,English,50035,1624,11470,4307,279561,12,12,itscometothis
Naked,10,2017,English,57449,652,8540,2119,156731,3,3,bixgirl1
Black Mulberry: The Hogwarts Hexad and WHOSE Stone Now,3,2023,English,134024,1555,12424,2979,471585,31,31,nxrthmizu
Potter and Malfoy's Guide to the Internet,7,2025,English,140040,4962,13949,3546,418904,14,21,Bitui_n
Appetence,9,2024,English,438232,3224,9746,2524,512908,68,ni podatka,elysian_drops
"I could be wrong, I could be ready",12,2018,English,57343,1199,15122,4880,190658,4,4,harryromper
Out of Order,12,2011,English,4406,195,12810,1868,194527,1,1,worksofstone
Harry Potter and the Center of the Maze,8,2018,English,215633,2208,10489,822,329636,22,22,orphan_account
All the Young Dudes: Christmas Compilation,12,2017,English,7407,401,13884,1289,494321,5,5,MsKingBean89
Trouble,1,2017,English,7018,623,15432,2407,236211,1,1,loveglowsinthedark
A Bit of Bother and All That,12,2016,English,9248,212,9250,1743,98865,3,3,manic_intent
Polyjuice,12,2021,English,176417,1857,8930,718,268481,33,33,JessalynMichele
Holly &amp; Yew,5,2025,English,283280,10936,23114,7056,953820,66,ni podatka,LovelyLotus
Practicing Liars,10,2013,English,206306,630,9872,3008,331353,50,50,Lomonaaeren
Draco Malfoy and the Mirror of Ecidyrue,5,2020,English,90081,2205,37049,6080,1076249,18,18,starbrigid
"Don’t mind if I keep your tie (And your heart, babe)",9,2015,English,21363,240,17775,3433,222166,1,1,Ingi
Zero for Two (a tease of power),3,2021,English,8926,192,9203,1695,66045,1,1,XxTheDarkLordxX
Tug-O-Want,6,2013,English,16668,144,8118,1466,117765,1,1,dysonrules
Cupboards and Cryogenics,3,2023,English,218674,4566,11088,3521,477344,78,78,YodelingProspector
It runs in the blood,8,2025,English,576277,7632,9735,2951,492387,31,ni podatka,Metalomagnetic
disparate,2,2024,English,40708,668,10267,2674,221561,4,4,Stars_in_motion
Invisible,6,2016,English,581088,1581,10870,3272,641314,112,112,DebsTheSlytherinSnapeFan
A Deeper Connection: The Philosopher's Stone,8,2020,English,138351,1093,8548,1884,282263,28,28,ThroughPestilencesAndFamines
The Invisible Man,1,2014,English,9984,268,18439,2116,247262,3,3,Faith Wood (faithwood)
Lesmosyne,7,2025,English,47853,2982,8157,1675,139601,11,20,TimaeusKosmou
Strange You Never Knew,4,2020,English,6547,207,9858,1902,179829,1,1,raven_maiden
Star Quality,12,2018,English,118607,1262,13325,3755,296396,15,15,who_la_hoop
what is dead may never die,5,2020,English,7666,79,9462,1474,75006,1,1,sisyphusss
Out of the Blue,11,2018,English,8656,1129,23791,2542,382680,2,2,MsKingBean89
Fractured Fairytale,12,2024,English,122752,2035,11258,4334,284875,32,34,Tsume_Yuki
Heir Apparent,6,2025,English,72581,11215,39361,10452,1143930,23,ni podatka,MonsieurClavier
Visions of Doom,10,2017,English,164893,3783,10928,2403,353473,107,107,sevlandexplorer
It Was We Who Were The Cliché (But We Carried On Anyway),11,2012,English,31075,173,11502,2384,150780,1,1,orphan_account
The Truth Is (Everyone Is Confused By Quantum Physics),11,2022,English,37525,1025,8484,3127,174879,13,ni podatka,EvieFuller
When Patterns Are Broken,9,2023,English,255350,1409,9923,3609,355923,37,37,lonibal
survival is a talent,9,2024,English,530377,15601,61275,19178,3001540,34,ni podatka,ShanaStoryteller
You And Me,6,2017,English,27619,546,19293,4235,321636,1,1,bixgirl1
Apple Pies and Other Amends,11,2016,English,76720,2188,19203,7980,596502,29,29,ToEatAPeach
Here We Are,3,2017,English,22177,194,9412,2200,188203,1,1,Miss_Lv
Between Certifiable and Bliss,9,2021,English,97712,2450,8485,3276,318652,19,19,HeyJude19
My Maltese Tiger,2,2023,English,59373,1647,9117,2335,279058,27,ni podatka,elvirakitties
Amends,11,2021,English,44770,1126,11463,2763,292119,7,7,thelashjedi
Dearly Beloved,3,2017,English,11547,387,20193,5233,181788,1,1,prosodiical
Little Talks,8,2012,English,11351,268,25041,4312,316144,1,1,Femme (femmequixotic)
A Life Worth Living,10,2022,English,342088,2790,10255,3353,523398,62,62,DebsTheSlytherinSnapeFan
Fruit of the Golden Tree,11,2018,English,11884,443,10615,1570,110875,3,3,Lomonaaeren
The Consort Tournament,3,2023,English,182594,1680,8147,2582,268885,30,ni podatka,Watermelonsmellinfellon
Say My Name,9,2018,English,199135,1988,9793,2720,343283,21,21,Thunderbird587
The Last Black,8,2020,English,93904,1616,10601,3323,187117,18,18,Toboe1087
Cunning and Ambition - Book One,10,2011,English,50017,342,8176,933,337123,16,16,MinaAndChao
Soul of fire,7,2024,English,66863,2104,10763,2589,339370,40,40,Willofhounds
Written on the Heart,12,2016,English,113984,2413,38746,9345,732493,20,20,who_la_hoop
Another Mind Game,10,2020,English,54012,2781,38845,9432,826564,17,17,May_May_0_0
With Eyes Wide Open,12,2012,English,70621,687,12458,3845,191233,1,1,suitesamba
Veritaserum,12,2021,English,176398,1912,10117,900,307461,30,30,JessalynMichele
as I let you rewrite gravity,9,2012,English,16042,402,10705,993,141895,1,1,1electricpirate
Tease,4,2015,English,1875,49,8990,991,156512,1,1,penpenhooray
Three's Family,10,2022,English,19328,1157,40427,8640,419609,5,5,darkbluedark
Timer,10,2015,English,2105,245,13966,1409,147240,1,1,JulietsEmoPhase
Not a lie at all,5,2024,English,22588,878,13449,3446,191542,11,11,Indigomountain
In Need of a Proper Hug,3,2012,English,2086,241,24046,2785,206360,1,1,Faith Wood (faithwood)
The Changeling,4,2017,English,182687,2037,11809,5895,405289,11,11,Annerb
Sacrificial Snake,8,2019,English,20066,236,11476,931,96523,4,4,Lomonaaeren
Chained,5,2025,English,71321,1897,9957,2858,218321,18,ni podatka,maquira
Stealing Sweaters,8,2017,English,12982,205,8725,1231,78570,2,2,DorthyAnn
Of Cinema and Sticky Notes,11,2012,English,12452,159,8638,1293,121136,3,3,bluepeony
Helix,1,2015,English,92870,1317,17935,5235,436324,25,25,Saras_Girl
Harriet Potter Is,2,2016,English,2071,385,8992,2910,67323,1,1,setepenre_set
"Slytherins Respect Power, Correct?",8,2022,English,1604,258,9203,1321,91195,1,1,ATiredAndDeadWriter
The Little Marauders Nursery and Day Care,12,2014,English,9835,179,8297,1321,92447,1,1,digthewriter
Redivider,4,2025,English,105890,6242,33567,8070,846361,16,ni podatka,Vichan
Corruption,5,2024,English,155580,1933,10154,1453,280334,45,45,itsjustsilver
Season Pass (To This Ass),7,2022,English,16390,1208,26481,6300,492984,6,6,mightbewriting
Through the Looking Glass and What Draco Found There,4,2019,English,17390,663,9396,1925,115234,2,2,magpie_fngrl
Seven Drops and Asphodel Blooms,8,2025,English,121417,4429,9061,3033,273202,34,ni podatka,GwendolynStacy
At Your Service,1,2012,English,95752,988,19197,5524,393122,9,9,Faith Wood (faithwood)
The Glass Serpent and the Dark Horse,1,2021,English,106601,2395,9896,3480,226733,41,ni podatka,KaedeRavensdale
The Shadow of Time,8,2023,English,341082,2393,9720,3291,332526,34,34,FightFireWithFire
family and other wonders,4,2023,English,124359,2711,13146,5122,400237,34,ni podatka,resonance_and_d
Black Fortunes,11,2016,English,53042,1019,20647,6098,527996,28,28,Herald_of_Dreams
Clean,4,2016,English,118892,1114,8626,4948,644515,31,31,olivieblake
Love a Lie,5,2022,English,20169,326,9168,2447,196049,4,4,ambpersand
Pyrite,2,2018,English,133675,1922,9014,683,184085,22,22,geoffaree
Independent Study,12,2020,English,144148,1590,17152,6112,423958,35,35,SomewheresSword
Heroes all have a Saving People Thing,1,2022,English,94246,2884,15904,5221,489154,25,25,Blueseabird2
Amortentia,5,2019,English,21057,359,11237,2148,97842,1,1,avioleta
Chase the Chill Away,2,2021,English,4468,172,10716,978,146534,2,2,a_dale
Born from Chaos,6,2025,English,317254,6340,13318,3983,721943,81,81,QueenOfALotOfDifferentWorlds
Lovesick,4,2022,English,7688,178,12695,2075,84421,1,1,corvuscrowned
The Stark Truth,6,2024,English,229819,2987,15527,4486,568189,31,31,misteeirene
One Night at the Leaky,10,2015,English,12439,275,11804,1847,122130,1,1,birdsofshore
Ten Thousand Reasons Why Not,4,2018,English,8449,401,9609,1541,85928,1,1,lq_traintracks (lumosed_quill)
Pride and Power,11,2018,English,15788,261,9048,826,124048,3,3,Lomonaaeren
hello goodbye ('twas nice to know you),7,2015,English,4807,543,56233,7195,673682,1,1,tamerofdarkstars
"don't blame me, love made me crazy",8,2021,English,14643,151,9886,1935,110901,1,1,coupe_de_foudre
Hold My Hand,11,2014,English,3762,158,13811,1463,142475,1,1,bafflinghaze
"Yeah, My Boyfriend's Pretty Cool (But Not as Cool as Me)",1,2023,English,90187,1799,10352,2788,343505,35,35,paintmegrey
Padfoot And Hound,8,2025,English,416259,6015,11349,2827,558768,87,ni podatka,SayItAll
Observations of a Pureblood Heir,11,2018,English,4515,306,14779,2036,135365,1,1,temptresslove
Princeps,11,2019,English,11322,461,23557,3453,304549,3,3,Lomonaaeren
Too old to be this young,5,2025,English,129335,4251,17924,6708,504901,30,ni podatka,Nadia_Castillo
Deus Ex Machina,2,2015,English,3249,98,9241,1072,122990,2,2,The_Plot_Bunny_Whisperer
The Ties That Bind Us,4,2012,English,27890,218,14730,2629,285708,1,1,Faith Wood (faithwood)
A Snake Named Voldemort,4,2014,English,173220,520,8857,3167,256131,24,24,orphan_account
the best laid plans,8,2022,English,39181,851,9739,2838,122302,7,ni podatka,ni podatka
Proximate,2,2018,English,88687,603,8191,3076,322042,21,21,In_Dreams
Heal Thyself,4,2022,English,46905,1503,23143,8583,334127,1,1,astolat
He Who Must Not Be Normal,12,2013,English,40913,584,14383,3645,266641,1,1,lettered
Magical Menagerie,5,2017,English,16414,273,8292,1896,71419,7,7,DorthyAnn
The Butler and the Master of Death,8,2024,English,48635,1837,9669,3114,160475,21,ni podatka,PinkieDev
Just The Two Of Us,7,2016,English,3492,67,10119,832,113658,1,1,Hekatee
Ice Queen,1,2025,English,48857,790,9544,3272,199080,15,20,stridermagic
Conditionally,7,2019,English,39046,555,10645,2900,146345,6,6,Lomonaaeren
Lead Me Into the Light,3,2023,English,17724,477,20260,4492,207201,2,2,third_crow
His Twenty-Eighth Life,9,2021,English,236587,3268,10008,2343,294932,78,ni podatka,Lomonaaeren
The Last Enemy: Dark Marks,7,2024,English,407081,5281,9565,1185,605946,71,71,CH_Darling
Yesterday is Tomorrow (everything is connected),1,2025,English,260440,4391,13752,5429,531172,28,30,IAM_Kneazle (twicethet)
Storm in a Teacup,8,2012,English,7954,580,50258,7605,494805,1,1,Faith Wood (faithwood)
Other People's Choices,7,2018,English,182853,2797,13326,2755,520560,60,60,Lomonaaeren
"The Barista, the Burglar, and the Sofa",5,2018,English,21344,423,10697,2904,126869,1,1,orphan_account
Fixing It,7,2020,English,39948,889,10068,2473,328503,19,19,elvirakitties
Snapped,1,2017,English,19478,1398,18240,3758,400704,13,13,TheFeistyRogue
Harry Potter and the Den of Snakes,11,2017,English,78245,727,13551,2088,389370,9,9,orphan_account
Like Real People Do,1,2023,English,36527,804,17093,4181,268969,3,3,third_crow
Like a Ballast,4,2016,English,4357,54,9490,1309,102825,1,1,orphan_account
Draco at Nineteen,6,2015,English,5196,345,11969,1579,170023,1,1,birdsofshore
Saint Riddle,9,2020,English,18494,837,9409,1686,162322,19,19,temptresslove
Kill Your Darlings,10,2023,English,303706,5633,28948,8370,1460556,28,28,MesserMoon
Little Lamb Gone to Slaughter,7,2023,English,89336,1231,11050,2655,191626,15,15,orphan_account
Timeshare,1,2016,English,14156,510,25600,3978,331427,1,1,astolat
Muggle Studies is Economics in Disguise,12,2022,English,11835,612,13087,3361,109407,5,5,May_May_0_0
Potens,7,2020,English,17985,441,18987,1372,178813,3,3,Lomonaaeren
Carpe Noctem,3,2025,English,864389,2900,10611,3220,633539,52,ni podatka,evareinadeescocia
Thrown Back,8,2025,English,193719,1524,9067,2417,1271675,38,ni podatka,ProfessorQuill
The Gift of Giving,12,2020,English,16808,342,9020,2077,85571,3,3,tiigi
pink lemonade,6,2023,English,121118,1630,14886,4958,627110,19,19,moonysbookshelf
Bound To You,4,2018,English,119812,1411,9014,2245,392513,55,55,Scaranpannoir
My Father is a Dark Lord!,3,2021,English,33043,2181,8693,1437,179038,37,37,temptresslove
Talk to Me,7,2013,English,15601,370,12763,2868,171541,1,1,Saras_Girl
The Disappearances of Draco Malfoy,6,2021,English,289780,5137,22854,11097,1592249,33,33,speechwriter
"Work Hard, Curse Hard",10,2017,English,3351,231,13126,2210,100606,1,1,wynnebat
His Little Something,4,2017,English,6071,160,8254,1182,163681,1,1,chibaken
"James Potter, Remus Lupin, Sirius Black, Peter Pettigrew, (pause for breath) and the Prisoner of Azkaban",12,2022,English,32696,1185,14353,4082,188290,17,17,gonzoclock
A Hand Like Sunshine,4,2019,English,6668,266,12062,1734,131079,4,4,Wolven_Spirits
Inevitabilities,2,2019,English,103198,1197,11260,4195,293963,14,14,EclipseWing
Nero su bianco,4,2020,English,40507,753,9311,2486,103297,5,5,zuzallove
the heir of something or other,7,2015,English,14305,640,16406,3046,165401,1,1,dirgewithoutmusic
Luckiest Fucking Size Queen Alive,10,2016,English,6200,628,15233,2242,216092,1,1,loveglowsinthedark
chalk this one up as a win,10,2015,English,6205,262,15276,1523,175794,1,1,tamerofdarkstars
"Our Blood, Still Young",11,2012,English,14680,224,12151,2179,208837,7,7,templeg
ripped at every edge (but you're a masterpiece),9,2021,English,95613,2475,10460,4396,331890,27,ni podatka,Lissy
A Place Apart,4,2021,English,239311,5222,15080,5049,871297,46,46,Metalduck
Some Bonds Won’t be Broken,6,2025,English,211101,2700,10886,3269,536125,58,58,Acewriter2022
Lionheart,5,2025,English,729569,10444,11582,5755,982377,76,ni podatka,greenTeacup
The Sum of Their Parts,4,2016,English,138205,1684,15956,7786,363259,11,11,holdmybeer
Of Bookshelves and Baby Carriers,1,2019,English,11809,572,12016,2152,113799,5,5,poppunkpadfoot (StormVandal)
To Live Is The Rarest Thing,9,2022,English,135245,2128,14019,4551,458022,24,ni podatka,Maeglin_Yedi
Crime and Punishment,6,2025,English,213711,2778,14064,5400,566833,29,ni podatka,melolcatsi
Either must die at the hand of the other,6,2022,English,260011,5973,12298,3529,408009,25,25,Metalomagnetic
Crocodile Tears,1,2021,English,60432,2176,11824,3765,237396,21,ni podatka,Intern15_NightVale
Let's talk sugar,8,2019,English,2258,111,11395,1673,82662,1,1,asterismal (asterisms)
As Time Passes,1,2018,English,32816,479,11017,1771,169337,3,3,XxTheDarkLordxX
The Child of Azkaban,12,2018,English,99356,964,9153,2075,255017,20,20,LonelyHarvest
The Syntax of Things,7,2021,English,200436,3661,8636,1921,621368,72,72,Arrisha
Through the Window,8,2024,English,294606,5066,14975,4012,573967,67,ni podatka,PenRot
A Year Like None Other,6,2013,English,789572,2936,14298,4114,1097827,96,96,aspeninthesunlight
The Rise of the Drackens,12,2024,English,1433428,6661,16309,4031,1491540,140,ni podatka,StarLight_Massacre
Swung by Serafim,5,2017,English,352375,5610,11965,4857,484234,45,45,flamethrower
Before the Storm,2,2023,English,142678,1496,20662,6281,656991,20,20,orphan_account
"It's A Masquerade, Darling",1,2023,English,55408,2490,17401,5862,324473,23,ni podatka,ChubbyPanda15
My Time,8,2025,English,424525,11108,32720,7402,1740746,85,ni podatka,DebsTheSlytherinSnapeFan
The Mountains Eat the Stars,12,2020,English,4894,830,23829,2531,156119,1,1,eleventy7
Meet Me In Dreamland,10,2024,English,229631,5498,20098,6483,1193741,39,39,sinflower81
Twice as Much as an Earthquake,9,2014,English,18609,261,10493,1852,162252,1,1,firethesound_HP_archive
Harry Potter and the Philosopher's Snake,1,2023,English,108948,2132,10811,1815,263517,36,36,gonzoclock
Dawn of a New Day,2,2025,English,59629,2232,8727,2242,264261,45,ni podatka,Daphne919
That Universe Over There,12,2021,English,242407,3074,15233,5208,920256,58,ni podatka,mytimeconsumingsidehobby
Waiting By An Open Door,8,2017,English,29506,230,10789,2655,149336,1,1,Femme (femmequixotic)
"My Soul, Your Heart",1,2023,English,88611,3137,19817,4671,570446,35,35,Seriously_awkward_amy
to be known as himself,1,2020,English,51602,1079,8291,638,108424,17,17,stranglerfig
Harry Potter's Temper,1,2019,English,3348,168,8830,1413,97651,2,2,Fan_atic
Escaping the Paradox,4,2008,English,35411,281,16040,3181,290409,1,1,Meri
The pet of Slytherin House,1,2021,English,56017,415,8811,2393,224942,17,17,Graydove71
Second Heat,3,2015,English,26429,537,10417,1062,213453,5,5,Becstar7
Coil,6,2024,English,312047,7327,28467,1467,672671,33,33,Allegory_for_Hatred
The Romantic Prawn Who Loved Christmas,12,2017,English,39404,482,11175,2748,166844,2,2,bixgirl1
House Proud,3,2016,English,23111,1359,33860,10580,500213,1,1,astolat
Everything Black,6,2022,English,67495,1072,12173,2711,379717,18,18,General_Jellyfish
the art of hiding,2,2022,English,12373,133,8107,1690,79393,1,1,pinkpalaceapartments
Love from Scars,7,2021,English,20184,739,12199,3605,135433,6,6,Blueseabird2
The Left Words,2,2020,English,234804,1408,17794,5067,440090,11,11,authoresswithoutwords
Dripping Fingers,8,2022,English,191530,9395,40094,12057,1183294,39,39,May_May_0_0
Draco Black and the Bastard Dragon,10,2022,English,188608,2804,11801,1141,300856,33,33,starbrigid
Fifth Year Rebooted,9,2023,English,93272,1828,9163,2827,292480,48,48,Labgasod
5 times Crowley was Summoned on purpose + 1,1,2013,English,10049,253,13293,1934,148978,6,6,orphan_account
The Fury Within,10,2023,English,120310,1090,8596,2727,179555,27,27,NinjaPandaScholar
I'll Only Hurt You if You'll Let Me,3,2019,English,4468,174,8446,1039,99883,1,1,a_dale
The Emperor and the Star,2,2018,English,16496,225,9698,2401,119342,3,3,wynnebat
Way Down We Go,2,2021,English,109767,4305,25175,8738,698841,29,29,xiaq
There's No I In Team,7,2016,English,13389,239,8552,1593,109832,1,1,JulietsEmoPhase
Natural Selection,8,2022,English,35765,712,10635,1823,173837,11,11,Lomonaaeren
Imago,8,2022,English,47963,899,10597,1266,167722,15,15,Lomonaaeren
Willing,5,2018,English,486471,1528,8407,2514,486050,120,120,DebsTheSlytherinSnapeFan
No more lies (To Victory),1,2025,English,153470,1443,9982,3175,312804,20,ni podatka,darkest_ambition
You Get What You Give,6,2019,English,459514,2423,8269,2888,344046,53,ni podatka,Watermelonsmellinfellon
Lucifer,12,2015,English,11165,179,19693,2961,246789,1,1,leontina (Leontina)
Another Mask Behind You,12,2014,English,116557,1033,13393,3819,343486,4,4,lettered
An Inconvenient Path,12,2022,English,148498,3430,11938,3153,403341,58,58,yletylyf
Hard To Find,12,2014,English,12820,180,8764,1787,107441,6,6,accioromulus
Chronological Displacement,2,2022,English,89163,1032,11092,2695,301174,21,21,bookinit
"goodnight hero, goodnight prey",5,2025,English,86561,1160,9114,2319,271306,20,25,toxikgato
To Build a Home,11,2018,English,43390,1786,11430,2520,178807,18,22,BeanieBaby
Falling to You,3,2019,English,5537,460,8552,898,85353,2,2,a_dale
The Light More Beautiful,12,2014,English,81255,879,18166,5538,439503,4,4,firethesound_HP_archive
The Onyx in Radiance,3,2023,English,116679,3093,20837,4667,545736,36,36,Lomonaaeren
Safeguard,12,2015,English,42402,1083,10826,3241,183478,5,ni podatka,esama
Beyond the Breaking Point,9,2016,English,57392,1027,9846,3316,165019,8,ni podatka,FalconLux
to leap and love the fall,11,2019,English,6685,235,8543,932,97491,1,1,stranglerfig
The Standard You Walk Past,3,2015,English,46202,4134,66485,12767,1205152,14,14,bafflinghaze
The Standard,4,2025,English,158156,1003,8943,2117,350643,19,ni podatka,cozymonster
Vellum Voices,7,2018,English,16427,434,15854,2483,169353,3,3,Lomonaaeren
Baby In A Box,12,2012,English,10071,218,8528,1714,77531,2,2,Sita_Z
Leon Potter,11,2019,English,9229,211,12321,2217,104087,2,2,Lomonaaeren
Sisyphus,1,2014,English,5607,285,8910,2043,133154,1,1,esama
The Consequences of A Binding Ritual,9,2016,English,171023,3575,11432,3076,404792,33,ni podatka,teecup_angel
Harry Potter in the Claw of the Raven,11,2015,English,55894,602,15542,2432,369282,10,10,BakenandEggs
The Blacks,8,2025,English,56257,1945,10885,3212,257124,21,ni podatka,WanderingScout
Pocket Full Of Starlight (Never Let It Fade Away),8,2012,English,46315,280,9325,2631,142166,1,1,Femme (femmequixotic)
Living Well,11,2021,English,39380,824,20445,4809,310450,8,8,Lomonaaeren
The Nightmare Club,12,2018,English,85072,1389,11220,3173,217473,16,16,Elle Gray (Elle_Gray)
Little White,7,2017,English,1144,159,8635,880,48251,1,1,DorthyAnn
Secrets,6,2006,English,395365,1689,18608,7347,956655,62,62,Vorabiza (Biza)
You Look the Way I Feel,6,2020,English,108693,1092,15317,3845,419993,32,32,yourdifferentoctober
Two Words in Green Ink,12,2023,English,240368,1861,10242,3012,393806,41,41,fluorescencx
harry.exe has stopped working,2,2023,English,40788,1500,9550,2401,219505,31,31,orphan_account
Searching For Something You Can't Reach,5,2023,English,61674,1083,9339,3170,145750,17,17,enoby_w
Something I Don't Want to Stop,6,2013,English,16228,140,9793,1667,187585,1,1,lq_traintracks (lumosed_quill)
To Make It Better,1,2025,English,181863,2458,11237,3723,444702,32,ni podatka,izziecalloway
Onyx and Silver,12,2021,English,4493,246,13325,1581,150803,1,1,Lomonaaeren
The Spellmaker,1,2024,English,205855,3019,20738,7355,610543,30,ni podatka,SonnyGietzel
Vestiges of Normalcy,12,2020,English,94320,1158,12074,4030,388901,18,18,orphan_account
Good Company,10,2012,English,8223,165,14453,2282,118267,1,1,Greenflares
Harry Potter and the Peanut Gallery,1,2022,English,74325,2303,11903,1651,234836,28,ni podatka,shadowscribe
The Pure and Simple Truth,3,2012,English,65482,979,15174,5200,290826,9,9,lettered
What He Grows To Be,8,2022,English,266516,4381,24077,6509,794281,10,10,Severus_divides_into_H
